/*
SQLyog Enterprise - MySQL GUI v7.15 
MySQL - 5.5.28-log : Database - utf8_diana
*********************************************************************
*/

/*!40101 SET NAMES utf8 */;

/*!40101 SET SQL_MODE=''*/;

/*!40014 SET @OLD_FOREIGN_KEY_CHECKS=@@FOREIGN_KEY_CHECKS, FOREIGN_KEY_CHECKS=0 */;
/*!40101 SET @OLD_SQL_MODE=@@SQL_MODE, SQL_MODE='NO_AUTO_VALUE_ON_ZERO' */;

CREATE DATABASE /*!32312 IF NOT EXISTS*/`utf8_diana` /*!40100 DEFAULT CHARACTER SET utf8 */;

USE `utf8_diana`;

/*Data for the table `tb_bulletin` */

/*Data for the table `tb_bulletin_channel` */

insert  into `tb_bulletin_channel`(`channel_id`,`channel_fatherId`,`channel_label_zh-cn`,`channel_label_zh-tw`,`channel_label_en-us`,`channel_order`,`channel_count`,`channel_insert_time`,`channel_insert_manId`,`channel_insert_manName`,`channel_insert_manEmail`,`channel_insert_ip`,`channel_insert_addr`,`channel_update_time`,`channel_update_manId`,`channel_update_manName`,`channel_update_manEmail`,`channel_update_ip`,`channel_update_addr`) values (1,0,'测试1',NULL,NULL,0,0,0,0,NULL,NULL,NULL,NULL,0,0,NULL,NULL,NULL,NULL),(2,0,'测试2',NULL,NULL,0,0,0,0,NULL,NULL,NULL,NULL,0,0,NULL,NULL,NULL,NULL),(3,1,'测试1-1',NULL,NULL,0,0,0,0,NULL,NULL,NULL,NULL,0,0,NULL,NULL,NULL,NULL),(4,1,'测试1-2',NULL,NULL,0,0,0,0,NULL,NULL,NULL,NULL,0,0,NULL,NULL,NULL,NULL),(5,2,'测试2-1',NULL,NULL,0,0,0,0,NULL,NULL,NULL,NULL,0,0,NULL,NULL,NULL,NULL),(6,2,'测试2-2',NULL,NULL,0,0,0,0,NULL,NULL,NULL,NULL,0,0,NULL,NULL,NULL,NULL),(7,2,'测试2-3',NULL,NULL,0,0,0,0,NULL,NULL,NULL,NULL,0,0,NULL,NULL,NULL,NULL);

/*Data for the table `tb_bulletin_content` */

/*Data for the table `tb_config` */

insert  into `tb_config`(`conf_id`,`conf_fatherId`,`conf_key`,`conf_label`,`conf_value`,`conf_default`,`conf_input_type`,`conf_options`,`conf_remark`,`conf_order`,`conf_insert_time`,`conf_insert_manId`,`conf_insert_manName`,`conf_insert_manEmail`,`conf_insert_ip`,`conf_insert_addr`,`conf_update_time`,`conf_update_manId`,`conf_update_manName`,`conf_update_manEmail`,`conf_update_ip`,`conf_update_addr`,`conf_alter_time`,`conf_alter_manId`,`conf_alter_manName`,`conf_alter_manEmail`,`conf_alter_ip`,`conf_alter_addr`) values (1,0,'captcha','验证码','',NULL,'input',NULL,'验证码开关',0,0,0,NULL,NULL,'113.107.76.19','广东省潮州市--电信',0,NULL,NULL,NULL,NULL,NULL,0,0,NULL,NULL,NULL,NULL),(2,1,'captcha_font','字体目录','VI_DIR_DATA_FONT \"/faktos.ttf\"',NULL,'input',NULL,'字体目录',0,0,0,NULL,NULL,'113.107.76.19','广东省潮州市--电信',0,NULL,NULL,NULL,NULL,NULL,0,0,NULL,NULL,NULL,NULL),(3,1,'captcha_fontsize','字体大小','20',NULL,'input',NULL,NULL,0,0,0,NULL,NULL,'113.107.76.19','广东省潮州市--电信',0,NULL,NULL,NULL,NULL,NULL,0,0,NULL,NULL,NULL,NULL),(4,1,'captcha_imgdir ','图片存放目录','VI_DIR_TEMP_CAPTCHA',NULL,'input',NULL,NULL,0,0,0,NULL,NULL,'113.107.16.19','广东省潮州市--电信',0,NULL,NULL,NULL,NULL,NULL,0,0,NULL,NULL,NULL,NULL),(5,1,'captcha_imgUrl','图片URL','VI_DIR_TEMP_CAPTCHA',NULL,'input',NULL,NULL,0,0,0,NULL,NULL,NULL,NULL,0,NULL,NULL,NULL,NULL,NULL,0,0,NULL,NULL,NULL,NULL),(6,1,'captcha_width','图片的宽','100',NULL,'input',NULL,NULL,0,0,0,NULL,NULL,NULL,NULL,0,NULL,NULL,NULL,NULL,NULL,0,0,NULL,NULL,NULL,NULL),(7,1,'captcha_height','图片的高','40',NULL,'input',NULL,NULL,0,0,0,NULL,NULL,NULL,NULL,0,NULL,NULL,NULL,NULL,NULL,0,0,NULL,NULL,NULL,NULL),(8,1,'captcha_gcFreq','垃圾收集运行的频度','1000',NULL,'input',NULL,NULL,0,0,0,NULL,NULL,NULL,NULL,0,NULL,NULL,NULL,NULL,NULL,0,0,NULL,NULL,NULL,NULL),(9,1,'captcha_wordlen','多少长度的验证码','4',NULL,'input',NULL,NULL,0,0,0,NULL,NULL,NULL,NULL,0,NULL,NULL,NULL,NULL,NULL,0,0,NULL,NULL,NULL,NULL),(10,1,'captcha_useNumbers','使用数字否','false',NULL,'input',NULL,'输出限制',0,0,0,NULL,NULL,NULL,NULL,0,NULL,NULL,NULL,NULL,NULL,0,0,NULL,NULL,NULL,NULL),(11,1,'captcha_DotNoiseLevel','噪点数目','1',NULL,'input',NULL,NULL,0,0,0,NULL,NULL,NULL,NULL,0,NULL,NULL,NULL,NULL,NULL,0,0,NULL,NULL,NULL,NULL),(12,1,'captcha_lineNoiseLevel','横线条数目','1',NULL,'input',NULL,NULL,0,0,0,NULL,NULL,NULL,NULL,0,NULL,NULL,NULL,NULL,NULL,0,0,NULL,NULL,NULL,NULL),(13,1,'captcha_Suffix','图片后缀','.jpg',NULL,'input',NULL,NULL,0,0,0,NULL,NULL,NULL,NULL,0,NULL,NULL,NULL,NULL,NULL,0,0,NULL,NULL,NULL,NULL),(14,0,'sendmail','邮件发送','',NULL,'input',NULL,NULL,0,0,0,NULL,NULL,NULL,NULL,0,NULL,NULL,NULL,NULL,NULL,0,0,NULL,NULL,NULL,NULL),(15,14,'sendmail_transport.type','发送方式','smtp',NULL,'input',NULL,NULL,0,0,0,NULL,NULL,NULL,NULL,0,NULL,NULL,NULL,NULL,NULL,0,0,NULL,NULL,NULL,NULL),(16,14,'sendmail_transport.host','服务器地址','smtp.gmail.com',NULL,'input',NULL,NULL,0,0,0,NULL,NULL,NULL,NULL,0,NULL,NULL,NULL,NULL,NULL,0,0,NULL,NULL,NULL,NULL),(17,14,'sendmail_transport.auth','服务器登录','login',NULL,'input',NULL,NULL,0,0,0,NULL,NULL,NULL,NULL,0,NULL,NULL,NULL,NULL,NULL,0,0,NULL,NULL,NULL,NULL),(18,14,'sendmail_transport.username','服务器帐号','sendmail.sampan',NULL,'input',NULL,NULL,0,0,0,NULL,NULL,NULL,NULL,0,NULL,NULL,NULL,NULL,NULL,0,0,NULL,NULL,NULL,NULL),(19,14,'sendmail_transport.password','服务器密码','gobyfeel',NULL,'input',NULL,NULL,0,0,0,NULL,NULL,NULL,NULL,0,NULL,NULL,NULL,NULL,NULL,0,0,NULL,NULL,NULL,NULL),(20,14,'sendmail_transport.ssl','服务器安全','ssl',NULL,'input',NULL,NULL,0,0,0,NULL,NULL,NULL,NULL,0,NULL,NULL,NULL,NULL,NULL,0,0,NULL,NULL,NULL,NULL),(21,14,'sendmail_transport.port','服务器端口','578',NULL,'input',NULL,NULL,0,0,0,NULL,NULL,NULL,NULL,0,NULL,NULL,NULL,NULL,NULL,0,0,NULL,NULL,NULL,NULL),(22,14,'sendmail_defaultFrom.email','默认发送帐号','sendmail.sampan@gmail.com',NULL,'input',NULL,NULL,0,0,0,NULL,NULL,NULL,NULL,0,NULL,NULL,NULL,NULL,NULL,0,0,NULL,NULL,NULL,NULL),(23,14,'sendmail_defaultFrom.name','默认发送人','sampan\'s sendmailer',NULL,'input',NULL,NULL,0,0,0,NULL,NULL,NULL,NULL,0,NULL,NULL,NULL,NULL,NULL,0,0,NULL,NULL,NULL,NULL),(24,14,'sendmail_defaultReplyTo.email','默认接收回复帐号','sendmail.sampan@gmail.com',NULL,'input',NULL,NULL,0,0,0,NULL,NULL,NULL,NULL,0,NULL,NULL,NULL,NULL,NULL,0,0,NULL,NULL,NULL,NULL),(25,14,'sendmail_defaultReplyTo.name','默认接收回复人','sampan\'s sendmailer',NULL,'input',NULL,NULL,0,0,0,NULL,NULL,NULL,NULL,0,NULL,NULL,NULL,NULL,NULL,0,0,NULL,NULL,NULL,NULL),(26,0,'message','消息设置','',NULL,'input',NULL,NULL,0,0,0,NULL,NULL,NULL,NULL,0,NULL,NULL,NULL,NULL,NULL,0,0,NULL,NULL,NULL,NULL),(27,26,'message_send_count_manager','管理员的消息数量限制','5000',NULL,'input',NULL,NULL,0,0,0,NULL,NULL,NULL,NULL,0,NULL,NULL,NULL,NULL,NULL,0,0,NULL,NULL,NULL,NULL),(28,26,'message_send_count_member','一级会员的消息数量限制','5000',NULL,'input',NULL,NULL,0,0,0,NULL,NULL,NULL,NULL,0,NULL,NULL,NULL,NULL,NULL,0,0,NULL,NULL,NULL,NULL),(29,0,'filter_word','敏感词库','',NULL,'input',NULL,NULL,0,0,0,NULL,NULL,NULL,NULL,0,NULL,NULL,NULL,NULL,NULL,0,0,NULL,NULL,NULL,NULL),(30,29,'filter_word_size','敏感词库大小','small','small','select','small,medium,largen,huge',NULL,0,0,0,NULL,NULL,NULL,NULL,0,NULL,NULL,NULL,NULL,NULL,0,0,NULL,NULL,NULL,NULL),(31,29,'filter_word_count_small','small词库量','1','1000','input',NULL,NULL,0,0,0,NULL,NULL,NULL,NULL,0,NULL,NULL,NULL,NULL,NULL,0,0,NULL,NULL,NULL,NULL),(32,29,'filter_word_count_medium','medium词库量','2','2000','input',NULL,NULL,0,0,0,NULL,NULL,NULL,NULL,0,NULL,NULL,NULL,NULL,NULL,0,0,NULL,NULL,NULL,NULL),(33,29,'filter_word_count_largen','largen词库量','4','4000','input',NULL,NULL,0,0,0,NULL,NULL,NULL,NULL,0,NULL,NULL,NULL,NULL,NULL,0,0,NULL,NULL,NULL,NULL),(34,29,'filter_word_count_huge','huge词库量','8','8000','input',NULL,NULL,0,0,0,NULL,NULL,NULL,NULL,0,NULL,NULL,NULL,NULL,NULL,0,0,NULL,NULL,NULL,NULL),(35,29,'filter_word_replace','敏感词替换字符','*','*','input',NULL,NULL,0,0,0,NULL,NULL,NULL,NULL,0,NULL,NULL,NULL,NULL,NULL,0,0,NULL,NULL,NULL,NULL),(36,0,'user-safe','帐号安全','',NULL,'input',NULL,NULL,0,0,0,NULL,NULL,NULL,NULL,0,NULL,NULL,NULL,NULL,NULL,0,0,NULL,NULL,NULL,NULL),(37,36,'user-safe_name_len_min','帐号长度最小值','2','4','input',NULL,'帐号长度最小值',0,0,0,NULL,NULL,NULL,NULL,0,NULL,NULL,NULL,NULL,NULL,0,0,NULL,NULL,NULL,NULL),(38,36,'user-safe_name_len_max','帐号长度最大值','16','16','input',NULL,NULL,0,0,0,NULL,NULL,NULL,NULL,0,NULL,NULL,NULL,NULL,NULL,0,0,NULL,NULL,NULL,NULL),(39,36,'user-safe_email_len_min','邮箱长度最小值','6',NULL,'input',NULL,NULL,0,0,0,NULL,NULL,NULL,NULL,0,NULL,NULL,NULL,NULL,NULL,0,0,NULL,NULL,NULL,NULL),(42,36,'user-safe_email_len_max','邮箱长度最大值','32',NULL,'input',NULL,NULL,0,0,0,NULL,NULL,NULL,NULL,0,NULL,NULL,NULL,NULL,NULL,0,0,NULL,NULL,NULL,NULL),(43,0,'member','会员相关','','','input','','',0,1386074268,1000,'审判长烧鸭','bay.sampanhuang@gmail.com','127.0.0.1','本机地址-- ',1386074268,1000,'审判长烧鸭','bay.sampanhuang@gmail.com','127.0.0.1','Array',1386074268,1000,'审判长烧鸭','bay.sampanhuang@gmail.com','127.0.0.1','Array'),(44,43,'member-register_default_role','会员注册默认的权限角色','10','10','input','','会员在注册的时候，默认是哪个角色',1,1386074391,1000,'审判长烧鸭','bay.sampanhuang@gmail.com','127.0.0.1','本机地址-- ',1386074391,1000,'审判长烧鸭','bay.sampanhuang@gmail.com','127.0.0.1','Array',1386074438,1000,'审判长烧鸭','bay.sampanhuang@gmail.com','127.0.0.1','Array'),(48,0,'debug','调试模式','1','1','input','','',1,1390138611,1000,'审判长烧鸭','bay.sampanhuang@gmail.com','127.0.0.1',NULL,1390138611,1000,'审判长烧鸭','bay.sampanhuang@gmail.com','127.0.0.1',NULL,1390138611,1000,'审判长烧鸭','bay.sampanhuang@gmail.com','127.0.0.1',NULL),(49,48,'debug_ajax_ob_clean_admin','AJAJX之前是否清空缓冲区（Admin）','1','1','radio','1,2','1为清空，2为不清空',13,1390138865,1000,'审判长烧鸭','bay.sampanhuang@gmail.com','127.0.0.1',NULL,1390138865,1000,'审判长烧鸭','bay.sampanhuang@gmail.com','127.0.0.1',NULL,1390140849,1000,'审判长烧鸭','bay.sampanhuang@gmail.com','127.0.0.1',NULL),(50,48,'debug_ajax_type_admin','AJAX清求方法（ADMIN）','GET','GET','radio','GET,POST,PUT,DELETE','请求方式 (&quot;POST&quot; 或 &quot;GET&quot;)， 默认为 &quot;GET&quot;。注意：其它 HTTP 请求方法，如 PUT 和 DELETE 也可以使用，但仅部分浏览器支持。',2,1390139174,1000,'审判长烧鸭','bay.sampanhuang@gmail.com','127.0.0.1',NULL,1390139232,1000,'审判长烧鸭','bay.sampanhuang@gmail.com','127.0.0.1',NULL,1390139849,1000,'审判长烧鸭','bay.sampanhuang@gmail.com','127.0.0.1',NULL),(51,48,'debug_ajax_type_client','AJAX清求方法（CLIENT）','GET','GET','radio','GET,POST,PUT,DELETE','请求方式 (&quot;POST&quot; 或 &quot;GET&quot;)， 默认为 &quot;GET&quot;。注意：其它 HTTP 请求方法，如 PUT 和 DELETE 也可以使用，但仅部分浏览器支持。',3,1390139906,1000,'审判长烧鸭','bay.sampanhuang@gmail.com','127.0.0.1',NULL,1390139906,1000,'审判长烧鸭','bay.sampanhuang@gmail.com','127.0.0.1',NULL,1390139906,1000,'审判长烧鸭','bay.sampanhuang@gmail.com','127.0.0.1',NULL),(52,48,'debug_ajax_type_www','AJAX清求方法（WWW）','GET','GET','radio','GET,POST,PUT,DELETE','请求方式 (&quot;POST&quot; 或 &quot;GET&quot;)， 默认为 &quot;GET&quot;。注意：其它 HTTP 请求方法，如 PUT 和 DELETE 也可以使用，但仅部分浏览器支持。',4,1390139968,1000,'审判长烧鸭','bay.sampanhuang@gmail.com','127.0.0.1',NULL,1390139968,1000,'审判长烧鸭','bay.sampanhuang@gmail.com','127.0.0.1',NULL,1390139968,1000,'审判长烧鸭','bay.sampanhuang@gmail.com','127.0.0.1',NULL),(53,48,'debug_ajax_ob_clean_client','AJAJX之前是否清空缓冲区（Client）','1','1','radio','1,2','1为清空，2为不清空',12,1390140837,1000,'审判长烧鸭','bay.sampanhuang@gmail.com','127.0.0.1',NULL,1390140837,1000,'审判长烧鸭','bay.sampanhuang@gmail.com','127.0.0.1',NULL,1390140837,1000,'审判长烧鸭','bay.sampanhuang@gmail.com','127.0.0.1',NULL),(54,48,'debug_ajax_ob_clean_www','AJAJX之前是否清空缓冲区（Www）','1','1','radio','1,2','1为清空，2为不清空',11,1390140879,1000,'审判长烧鸭','bay.sampanhuang@gmail.com','127.0.0.1',NULL,1390140879,1000,'审判长烧鸭','bay.sampanhuang@gmail.com','127.0.0.1',NULL,1390140879,1000,'审判长烧鸭','bay.sampanhuang@gmail.com','127.0.0.1',NULL),(56,43,'member-register_enable','是否开放会员注册','2','1','select','1,2','1代表开放注册,2表示关闭',0,1396879314,1000,'审判长烧鸭','bay.sampanhuang@gmail.com','127.0.0.1',NULL,1396879486,1000,'审判长烧鸭','bay.sampanhuang@gmail.com','127.0.0.1',NULL,1396963987,1000,'审判长烧鸭','bay.sampanhuang@gmail.com','127.0.0.1',NULL),(58,43,'member-register_disable-notice','会员注册关闭的提示','很抱歉，会员注册尚未开放！','很抱歉，会员注册尚未开放！','input','','',0,1396880181,1000,'审判长烧鸭','bay.sampanhuang@gmail.com','127.0.0.1',NULL,1396880181,1000,'审判长烧鸭','bay.sampanhuang@gmail.com','127.0.0.1',NULL,1396964049,1000,'审判长烧鸭','bay.sampanhuang@gmail.com','127.0.0.1',NULL),(59,0,'website-apply-register','网站登录申请','1','1','input','1,2','1是需要验证码，2是不需要',0,1396958878,1000,'审判长烧鸭','bay.sampanhuang@gmail.com','127.0.0.1',NULL,1396958878,1000,'审判长烧鸭','bay.sampanhuang@gmail.com','127.0.0.1',NULL,1396958878,1000,'审判长烧鸭','bay.sampanhuang@gmail.com','127.0.0.1',NULL),(60,59,'website-apply-register_captcha-enable','网站登录申请是否开验证码','2','1','select','1,2','1是开启，2是关闭',1,1396959125,1000,'审判长烧鸭','bay.sampanhuang@gmail.com','127.0.0.1',NULL,1396964517,1000,'审判长烧鸭','bay.sampanhuang@gmail.com','127.0.0.1',NULL,1396964091,1000,'审判长烧鸭','bay.sampanhuang@gmail.com','127.0.0.1',NULL);

/*Data for the table `tb_config_update_history` */

/*Data for the table `tb_config_update_history_2014` */

insert  into `tb_config_update_history_2014`(`history_id`,`history_configId`,`history_configKey`,`history_configValue`,`history_insert_time`,`history_insert_manId`,`history_insert_manName`,`history_insert_manEmail`,`history_insert_ip`,`history_insert_addr`) values (1,56,'member-register_open','2',1396879486,1000,'审判长烧鸭','bay.sampanhuang@gmail.com','127.0.0.1',NULL),(2,58,'member-register-disable-notice','很抱歉，会员注册尚未开放！',1396880181,1000,'审判长烧鸭','bay.sampanhuang@gmail.com','127.0.0.1',NULL),(3,59,'website-apply-register','1',1396958878,1000,'审判长烧鸭','bay.sampanhuang@gmail.com','127.0.0.1',NULL),(4,60,'website-apply-register-captcha-enable','1',1396959125,1000,'审判长烧鸭','bay.sampanhuang@gmail.com','127.0.0.1',NULL),(5,60,'website-apply-register_captcha-enable','2',1396964517,1000,'审判长烧鸭','bay.sampanhuang@gmail.com','127.0.0.1',NULL);

/*Data for the table `tb_domain` */

/*Data for the table `tb_friend_link` */

/*Data for the table `tb_front_channel` */

insert  into `tb_front_channel`(`channel_id`,`channel_fatherId`,`channel_link`,`channel_name_zh-cn`,`channel_name_zh-tw`,`channel_name_en-us`,`channel_enable`,`channel_order`,`channel_insert_time`,`channel_insert_man`,`channel_insert_ip`,`channel_insert_addr`,`channel_update_time`,`channel_update_man`,`channel_update_ip`,`channel_update_addr`) values (100,0,'/december/index','首页','首頁',NULL,3,10,1382622383,NULL,NULL,NULL,0,NULL,NULL,NULL),(200,0,'/december/new','最新收录','最新收錄',NULL,3,9,1382622383,NULL,NULL,NULL,0,NULL,NULL,NULL),(300,0,'/december/area','地区目录','地區目錄',NULL,3,8,1382622383,NULL,NULL,NULL,0,NULL,NULL,NULL),(400,0,'/december/category','分类目录','分類目錄',NULL,3,7,1382622383,NULL,NULL,NULL,0,NULL,NULL,NULL),(500,0,'/december/tag','热门标签','熱門標籤',NULL,3,6,1382622383,NULL,NULL,NULL,0,NULL,NULL,NULL),(600,0,'/december/hotkey','搜索热词','搜索熱詞',NULL,3,0,1382622383,NULL,NULL,NULL,0,NULL,NULL,NULL),(601,0,'/default/website','首页','首頁','Index',1,900,1382922383,NULL,NULL,NULL,0,NULL,NULL,NULL),(602,0,'/default/website/list/area_father/1000','亚洲','亞洲','Asia',1,800,1382922383,NULL,NULL,NULL,0,NULL,NULL,NULL),(603,0,'/default/website/list/area_father/2000','欧洲','歐洲','Europe',1,700,1382922383,NULL,NULL,NULL,0,NULL,NULL,NULL),(604,0,'/default/website/list/area_father/3000','北美洲','北美洲','North America',1,600,1382922383,NULL,NULL,NULL,0,NULL,NULL,NULL),(605,0,'/default/website/list/area_father/4000','拉丁美洲','拉丁美洲','Latin America',1,500,1382922383,NULL,NULL,NULL,0,NULL,NULL,NULL),(606,0,'/default/website/list/area_father/5000','大洋洲','大洋洲','Oceania',1,400,1382922383,NULL,NULL,NULL,0,NULL,NULL,NULL),(607,0,'/default/website/list/area_father/6000','非洲','非洲','Africa',1,300,1382922383,NULL,NULL,NULL,0,NULL,NULL,NULL);

/*Data for the table `tb_front_channel_enable` */

/*Data for the table `tb_manager` */

insert  into `tb_manager`(`manager_id`,`manager_roleId`,`manager_name`,`manager_email`,`manager_passwd`,`manager_passwd_change_count`,`manager_passwd_change_time`,`manager_passwd_change_ip`,`manager_login_count`,`manager_login_last_time`,`manager_login_last_ip`,`manager_lock_time`,`manager_active_email`,`manager_insert_time`,`manager_insert_manId`,`manager_insert_manName`,`manager_insert_manEmail`,`manager_insert_ip`,`manager_update_time`,`manager_update_manId`,`manager_update_manName`,`manager_update_manEmail`,`manager_update_ip`) values (1000,1,'审判长烧鸭','bay.sampanhuang@gmail.com','bb35a99fb3909dd82f24925fbbc93403',29,1385353039,'127.0.0.1',160,1397290786,'127.0.0.1',1383465443,0,1374930769,0,NULL,NULL,'127.0.0.01',0,NULL,NULL,NULL,NULL),(1001,5,'貌若潘安','m.sampanhuang@gmail.com','bb35a99fb3909dd82f24925fbbc93403',0,0,NULL,6,1385950639,'127.0.0.1',0,0,0,NULL,NULL,NULL,NULL,0,NULL,NULL,NULL,NULL);

/*Data for the table `tb_manager_log` */

/*Data for the table `tb_manager_log_2014` */

insert  into `tb_manager_log_2014`(`log_id`,`log_time`,`log_ip`,`log_type`,`log_sessionId`,`log_managerId`,`log_managerName`,`log_managerEmail`) values (1,1396879146,'127.0.0.1',210,'4j693kubnm196qvsnh6nf9nod7',1000,'审判长烧鸭','bay.sampanhuang@gmail.com'),(2,1396958108,'127.0.0.1',210,'osf5es38uml6moi6v8t2kr0ha0',1000,'审判长烧鸭','bay.sampanhuang@gmail.com'),(3,1397290786,'127.0.0.1',210,'v89h449uegv181c58q1qu0c1d5',1000,'审判长烧鸭','bay.sampanhuang@gmail.com');

/*Data for the table `tb_manager_log_remark` */

/*Data for the table `tb_manager_log_remark_2014` */

insert  into `tb_manager_log_remark_2014`(`log_id`,`log_user_agent`,`log_remark`) values (1,'Mozilla/5.0 (Windows NT 6.1; WOW64) AppleWebKit/537.36 (KHTML, like Gecko) Maxthon/4.3.1.2000 Chrome/30.0.1599.101 Safari/537.36',NULL),(2,'Mozilla/5.0 (Windows NT 6.1; WOW64) AppleWebKit/537.36 (KHTML, like Gecko) Maxthon/4.3.1.2000 Chrome/30.0.1599.101 Safari/537.36',NULL),(3,'Mozilla/5.0 (Windows NT 6.1; WOW64) AppleWebKit/537.36 (KHTML, like Gecko) Maxthon/4.3.1.2000 Chrome/30.0.1599.101 Safari/537.36',NULL);

/*Data for the table `tb_manager_log_resetpwd` */

/*Data for the table `tb_manager_menu` */

insert  into `tb_manager_menu`(`menu_id`,`menu_fatherId`,`menu_label_zh-cn`,`menu_label_zh-tw`,`menu_label_en-us`,`menu_link`,`menu_show`,`menu_order`,`menu_insert_time`,`menu_insert_manId`,`menu_insert_manName`,`menu_insert_manEmail`,`menu_insert_ip`,`menu_update_time`,`menu_update_manId`,`menu_update_manName`,`menu_update_manEmail`,`menu_update_ip`) values (1,0,'系统设置','系統设置','','',1,1500,1374154702,NULL,NULL,NULL,NULL,1386064612,1000,'审判长烧鸭','bay.sampanhuang@gmail.com',NULL),(2,122,'管理成员','管理成員','','',1,4,1374154702,NULL,NULL,NULL,NULL,1385465784,1000,NULL,NULL,NULL),(3,2,'查询管理员','查詢管理員',NULL,'system/manager/index',1,9,1374154702,NULL,NULL,NULL,NULL,0,NULL,NULL,NULL,NULL),(4,2,'添加新成员','添加新成員',NULL,'system/manager/insert',1,8,1374154702,NULL,NULL,NULL,NULL,0,NULL,NULL,NULL,NULL),(5,2,'编辑成员','編輯成員',NULL,'system/manager/update',0,7,1374154702,NULL,NULL,NULL,NULL,0,NULL,NULL,NULL,NULL),(6,2,'删除成员','刪除成員',NULL,'system/manager/delete',0,6,1374154702,NULL,NULL,NULL,NULL,0,NULL,NULL,NULL,NULL),(7,2,'明细详情','明細詳情',NULL,'system/manager/detail',0,5,1374154702,NULL,NULL,NULL,NULL,0,NULL,NULL,NULL,NULL),(8,2,'管理员日志','管理員日誌',NULL,'system/manager/log',1,4,1374154702,NULL,NULL,NULL,NULL,0,NULL,NULL,NULL,NULL),(9,122,'权限角色','角色','','',1,3,1374154702,NULL,NULL,NULL,NULL,1385465798,1000,NULL,NULL,NULL),(10,9,'查询角色','查詢角色',NULL,'system/manager-role/index',1,8,1374154702,NULL,NULL,NULL,NULL,0,NULL,NULL,NULL,NULL),(11,9,'添加新角色','添加新角色',NULL,'system/manager-role/insert',1,7,1374154702,NULL,NULL,NULL,NULL,0,NULL,NULL,NULL,NULL),(12,9,'编辑角色','編輯角色',NULL,'system/manager-role/update',0,6,1374154702,NULL,NULL,NULL,NULL,0,NULL,NULL,NULL,NULL),(13,9,'删除角色','刪除角色',NULL,'system/manager-role/delete',0,5,1374154702,NULL,NULL,NULL,NULL,0,NULL,NULL,NULL,NULL),(14,9,'明细详情','明細詳情',NULL,'system/manager-role/detail',0,2,1374154702,NULL,NULL,NULL,NULL,0,NULL,NULL,NULL,NULL),(15,122,'后台菜单','後臺菜單','','',1,5,1374154702,NULL,NULL,NULL,NULL,1385465768,1000,NULL,NULL,NULL),(16,15,'菜单索引','菜單索引',NULL,'system/manager-menu/index',1,9,1374154702,NULL,NULL,NULL,NULL,0,NULL,NULL,NULL,NULL),(17,15,'添加菜单','添加菜單',NULL,'system/manager-menu/insert',1,8,1374154702,NULL,NULL,NULL,NULL,0,NULL,NULL,NULL,NULL),(18,15,'编辑菜单','編輯菜單','','system/manager-menu/update',0,7,1374154702,NULL,NULL,NULL,NULL,1385465854,1000,NULL,NULL,NULL),(19,15,'处理菜单（删除）','刪除菜單','','system/manager-menu/handle',0,6,1374154702,NULL,NULL,NULL,NULL,1385484458,1000,NULL,NULL,NULL),(20,15,'菜单明细','菜單明細',NULL,'system/manager-menu/detail',0,5,1374154702,NULL,NULL,NULL,NULL,0,NULL,NULL,NULL,NULL),(22,0,'会员管理','會員管理',NULL,NULL,1,1600,1374154702,NULL,NULL,NULL,NULL,0,NULL,NULL,NULL,NULL),(23,22,'注册会员','註冊會員','','',1,500,1374154702,NULL,NULL,NULL,NULL,1386042818,1000,'审判长烧鸭','bay.sampanhuang@gmail.com',NULL),(24,23,'查询会员','查詢會員','','member/index/index',1,4,1374154702,NULL,NULL,NULL,NULL,1389065964,1000,'审判长烧鸭','bay.sampanhuang@gmail.com',NULL),(25,23,'会员明细','會員明細','','member/index/detail',1,3,1374154702,NULL,NULL,NULL,NULL,1389065969,1000,'审判长烧鸭','bay.sampanhuang@gmail.com',NULL),(26,22,'会员动态','會員動態','','',1,400,1374154702,NULL,NULL,NULL,NULL,1386042811,1000,'审判长烧鸭','bay.sampanhuang@gmail.com',NULL),(27,26,'会员登录','會員登錄',NULL,'member/trend/login',1,4,1374154702,NULL,NULL,NULL,NULL,0,NULL,NULL,NULL,NULL),(28,26,'会员注册','會員註冊',NULL,'member/trend/register',1,3,1374154702,NULL,NULL,NULL,NULL,0,NULL,NULL,NULL,NULL),(33,0,'网站导航','網站导航','','',1,1700,1374154802,NULL,NULL,NULL,NULL,1386007790,1000,NULL,NULL,NULL),(35,33,'注册网站','註冊網站',NULL,NULL,1,9,1374154802,NULL,NULL,NULL,NULL,0,NULL,NULL,NULL,NULL),(36,35,'查询网站','查詢網站','','website/index/index',1,9,1374154802,NULL,NULL,NULL,NULL,1388647602,1000,'审判长烧鸭','bay.sampanhuang@gmail.com',NULL),(37,35,'网站明细','網站明細','','website/index/detail',1,8,1374154702,NULL,NULL,NULL,NULL,1388647607,1000,'审判长烧鸭','bay.sampanhuang@gmail.com',NULL),(38,33,'网站动态','網站動態',NULL,NULL,1,8,1374154802,NULL,NULL,NULL,NULL,0,NULL,NULL,NULL,NULL),(39,38,'网站注册','網站註冊',NULL,'website/trend/register',1,9,1374154802,NULL,NULL,NULL,NULL,0,NULL,NULL,NULL,NULL),(40,38,'点击流入','點擊流入',NULL,'website/trend/click-in',1,8,1374154802,NULL,NULL,NULL,NULL,0,NULL,NULL,NULL,NULL),(41,38,'点击流出','點擊流出',NULL,'website/trend/click-out',1,7,1374154802,NULL,NULL,NULL,NULL,1374155802,NULL,NULL,NULL,NULL),(42,1,'全局参数','全局参数','','',1,600,1374154802,NULL,NULL,NULL,NULL,1389338412,1000,'审判长烧鸭','bay.sampanhuang@gmail.com',NULL),(43,42,'参数索引','參數索引','','system/config/index',1,90,1374154802,NULL,NULL,NULL,NULL,1389338451,1000,'审判长烧鸭','bay.sampanhuang@gmail.com',NULL),(44,42,'添加参数','添加參數','','system/config/insert',1,80,1374154802,NULL,NULL,NULL,NULL,1389338456,1000,'审判长烧鸭','bay.sampanhuang@gmail.com',NULL),(45,42,'修改参数','修改參數','','system/config/update',0,70,1374154802,NULL,NULL,NULL,NULL,1389338461,1000,'审判长烧鸭','bay.sampanhuang@gmail.com',NULL),(46,42,'参数处理（删除）','参数处理（删除）','','system/config/handle',0,60,1374154802,NULL,NULL,NULL,NULL,1389338465,1000,'审判长烧鸭','bay.sampanhuang@gmail.com',NULL),(47,42,'输入设置','输入设置','','system/config/alter',0,50,1374154802,NULL,NULL,NULL,NULL,1389338471,1000,'审判长烧鸭','bay.sampanhuang@gmail.com',NULL),(49,0,'个人中心','個人中心',NULL,NULL,1,1300,1374154802,NULL,NULL,NULL,NULL,0,NULL,NULL,NULL,NULL),(50,49,'消息中心','消息中心',NULL,NULL,1,4,1374155802,NULL,NULL,NULL,NULL,0,NULL,NULL,NULL,NULL),(51,50,'收件箱','收件箱',NULL,'profile/message/inbox',1,8,1374155802,NULL,NULL,NULL,NULL,0,NULL,NULL,NULL,NULL),(52,50,'发件箱','發件箱',NULL,'profile/message/outbox',1,7,1374155802,NULL,NULL,NULL,NULL,0,NULL,NULL,NULL,NULL),(53,50,'发消息','發消息',NULL,'profile/message/send',1,5,1374155802,NULL,NULL,NULL,NULL,0,NULL,NULL,NULL,NULL),(54,50,'草稿箱','草稿箱',NULL,'profile/message/draft',1,6,1374155802,NULL,NULL,NULL,NULL,0,NULL,NULL,NULL,NULL),(55,49,'用户安全','用戶安全',NULL,NULL,1,3,1374155802,NULL,NULL,NULL,NULL,0,NULL,NULL,NULL,NULL),(56,55,'密码变更','密碼變更',NULL,'profile/safe/resetpwd',1,4,1374155802,NULL,NULL,NULL,NULL,0,NULL,NULL,NULL,NULL),(57,55,'帐号变更','帳號變更',NULL,'profile/safe/update?type=name',1,3,1374155802,NULL,NULL,NULL,NULL,0,NULL,NULL,NULL,NULL),(58,55,'邮箱变更','郵箱變更',NULL,'profile/safe/update?type=email',1,2,1374155802,NULL,NULL,NULL,NULL,0,NULL,NULL,NULL,NULL),(60,50,'收件处理（删除、设为已读）','收件處理（刪除、設為已讀）',NULL,'profile/message/inbox-handle',0,4,1374155802,NULL,NULL,NULL,NULL,0,NULL,NULL,NULL,NULL),(61,49,'个人资料','個人資料',NULL,NULL,1,2,1374155802,NULL,NULL,NULL,NULL,0,NULL,NULL,NULL,NULL),(62,61,'资料明细','資料明細',NULL,'profile/intro/index',1,2,1374155802,NULL,NULL,NULL,NULL,0,NULL,NULL,NULL,NULL),(63,61,'日志查询','日誌查詢',NULL,'profile/intro/log',1,1,1374155802,NULL,NULL,NULL,NULL,0,NULL,NULL,NULL,NULL),(64,102,'网站提交','網站提交',NULL,NULL,1,5,1374154802,NULL,NULL,NULL,NULL,0,NULL,NULL,NULL,NULL),(65,64,'尚未外理','尚未外理','','apply/website-register/index?register_pass=3',1,9,1374154802,NULL,NULL,NULL,NULL,1387096351,1000,'审判长烧鸭','bay.sampanhuang@gmail.com',NULL),(66,64,'通过审核','通過審核',NULL,'apply/website-register/index?register_pass=1',1,8,1374154802,NULL,NULL,NULL,NULL,0,NULL,NULL,NULL,NULL),(67,64,'未通过审核','未通過審核',NULL,'apply/website-register/index?register_pass=2',1,7,1374154802,NULL,NULL,NULL,NULL,0,NULL,NULL,NULL,NULL),(68,64,'申请明细','申請明細',NULL,'apply/website-register/detail',1,6,1374154802,NULL,NULL,NULL,NULL,0,NULL,NULL,NULL,NULL),(69,64,'申请处理','申請處理','','apply/website-register/handle',0,5,1374154802,NULL,NULL,NULL,NULL,1387097362,1000,'审判长烧鸭','bay.sampanhuang@gmail.com',NULL),(71,38,'网站申请','網站申請',NULL,'website/trend/apply',1,6,0,NULL,NULL,NULL,NULL,0,NULL,NULL,NULL,NULL),(72,33,'网站类型','網站類型',NULL,NULL,1,7,1374154802,NULL,NULL,NULL,NULL,0,NULL,NULL,NULL,NULL),(73,72,'类型索引','類型索引',NULL,'website/category/index',1,1,1374154802,NULL,NULL,NULL,NULL,0,NULL,NULL,NULL,NULL),(74,33,'网站区域','網站區域',NULL,NULL,1,6,0,NULL,NULL,NULL,NULL,0,NULL,NULL,NULL,NULL),(75,74,'区域索引','區域索引',NULL,'website/area/index',1,3,0,NULL,NULL,NULL,NULL,0,NULL,NULL,NULL,NULL),(76,74,'历史快照','歷史快照',NULL,'website/area/history',1,2,0,NULL,NULL,NULL,NULL,0,NULL,NULL,NULL,NULL),(77,150,'会员菜单','會員菜單','','',1,100,1374154702,NULL,NULL,NULL,NULL,1386064556,1000,'审判长烧鸭','bay.sampanhuang@gmail.com',NULL),(78,77,'菜单索引','菜單索引','','member/member-menu/index',1,6,0,NULL,NULL,NULL,NULL,1386042657,1000,'审判长烧鸭','bay.sampanhuang@gmail.com',NULL),(79,77,'添加菜单','添加菜單','','member/member-menu/insert',1,5,0,NULL,NULL,NULL,NULL,1386042683,1000,'审判长烧鸭','bay.sampanhuang@gmail.com',NULL),(80,77,'编辑菜单','編輯菜單','','member/member-menu/update',0,4,0,NULL,NULL,NULL,NULL,1386042712,1000,'审判长烧鸭','bay.sampanhuang@gmail.com',NULL),(81,77,'删除菜单','刪除菜單','','member/member-menu/delete',0,3,0,NULL,NULL,NULL,NULL,1386042703,1000,'审判长烧鸭','bay.sampanhuang@gmail.com',NULL),(82,33,'网站标签','網站標籤',NULL,NULL,1,5,1374154802,NULL,NULL,NULL,NULL,0,NULL,NULL,NULL,NULL),(83,33,'搜索关键字','搜索關鍵字',NULL,NULL,1,4,1374154802,NULL,NULL,NULL,NULL,0,NULL,NULL,NULL,NULL),(84,82,'标签索引','標籤索引',NULL,'website/tag/index',1,3,0,NULL,NULL,NULL,NULL,0,NULL,NULL,NULL,NULL),(85,82,'标签明细','標籤明細',NULL,'website/tag/detail',1,2,0,NULL,NULL,NULL,NULL,0,NULL,NULL,NULL,NULL),(86,83,'关键字索引','關鍵字索引','','website/keywork/index',1,8,0,NULL,NULL,NULL,NULL,1387871934,1000,'审判长烧鸭','bay.sampanhuang@gmail.com',NULL),(88,38,'网站搜索','網站搜索',NULL,'website/trend/search',1,5,1374154802,NULL,NULL,NULL,NULL,0,NULL,NULL,NULL,NULL),(89,35,'点击流入','點擊流入','','website/index/click-in',1,5,1374151802,NULL,NULL,NULL,NULL,1388647627,1000,'审判长烧鸭','bay.sampanhuang@gmail.com',NULL),(90,35,'点击流出','點擊流出','','website/index/click-out',1,4,1374154402,NULL,NULL,NULL,NULL,1388647634,1000,'审判长烧鸭','bay.sampanhuang@gmail.com',NULL),(91,83,'搜索动态','搜索動態','','website/keywork/trend',1,7,0,NULL,NULL,NULL,NULL,1388059337,1000,'审判长烧鸭','bay.sampanhuang@gmail.com',NULL),(92,35,'资料变更','資料變更','','website/index/update',1,7,1374153802,NULL,NULL,NULL,NULL,1388647615,1000,'审判长烧鸭','bay.sampanhuang@gmail.com',NULL),(93,35,'网站删除','網站刪除','','website/index/delete',1,6,1374154302,NULL,NULL,NULL,NULL,1388647621,1000,'审判长烧鸭','bay.sampanhuang@gmail.com',NULL),(94,1,'敏感词库','敏感詞庫','','',1,400,1374354802,NULL,NULL,NULL,NULL,1389338426,1000,'审判长烧鸭','bay.sampanhuang@gmail.com',NULL),(96,94,'敏感词查询','敏感詞查询','','system/filter-word/index',1,6,1379507707,NULL,NULL,NULL,NULL,1385488007,1000,NULL,NULL,NULL),(97,94,'导入敏感词','导入敏感詞','','system/filter-word/import',1,7,1379507707,NULL,NULL,NULL,NULL,1385488036,1000,NULL,NULL,NULL),(102,0,'业务办理','业务審批','','',1,1800,0,NULL,NULL,NULL,NULL,1389076102,1000,'审判长烧鸭','bay.sampanhuang@gmail.com',NULL),(103,102,'网站更新','網站更新',NULL,NULL,1,4,1374154802,NULL,NULL,NULL,NULL,0,NULL,NULL,NULL,NULL),(104,103,'未确认','未確認',NULL,NULL,1,1,0,NULL,NULL,NULL,NULL,0,NULL,NULL,NULL,NULL),(106,102,'会员注册','會員註冊',NULL,NULL,1,3,1374154802,NULL,NULL,NULL,NULL,0,NULL,NULL,NULL,NULL),(107,106,'未确认','未確認',NULL,NULL,1,1,0,NULL,NULL,NULL,NULL,0,NULL,NULL,NULL,NULL),(108,9,'锁定角色','鎖定角色',NULL,'system/role/lock',0,4,1374154702,NULL,NULL,NULL,NULL,0,NULL,NULL,NULL,NULL),(109,9,'解锁角色','解鎖角色',NULL,'system/role/unlock',0,3,1374154702,NULL,NULL,NULL,NULL,0,NULL,NULL,NULL,NULL),(110,152,'公告管理','公告管理','','',1,200,0,NULL,NULL,NULL,NULL,1388127336,1000,'审判长烧鸭','bay.sampanhuang@gmail.com',NULL),(111,110,'公告查询','公告查询','','bulletin/index/index',1,9,0,NULL,NULL,NULL,NULL,1388290009,1000,'审判长烧鸭','bay.sampanhuang@gmail.com',NULL),(112,110,'添加公告','添加公告','','bulletin/index/insert',1,7,0,NULL,NULL,NULL,NULL,1388133213,1000,'审判长烧鸭','bay.sampanhuang@gmail.com',NULL),(113,110,'编辑公告','編輯公告','','bulletin/index/update',0,6,0,NULL,NULL,NULL,NULL,1388133222,1000,'审判长烧鸭','bay.sampanhuang@gmail.com',NULL),(114,110,'公告处理','公告处理','','bulletin/index/handle',0,5,0,NULL,NULL,NULL,NULL,1388133230,1000,'审判长烧鸭','bay.sampanhuang@gmail.com',NULL),(117,50,'发件处理（删除）','發件處理（刪除）',NULL,'profile/message/outbox-handle',0,0,0,NULL,NULL,NULL,NULL,0,NULL,NULL,NULL,NULL),(118,1,'数据清理','數據清理','','',0,300,0,NULL,NULL,NULL,NULL,1389338437,1000,'审判长烧鸭','bay.sampanhuang@gmail.com',NULL),(120,118,'过期日志','過期日誌',NULL,'system/data-clear/log',1,2,0,NULL,NULL,NULL,NULL,0,NULL,NULL,NULL,NULL),(121,50,'草稿处理（删除）','草稿處理（刪除）',NULL,'profile/message/draft-handle',0,0,0,NULL,NULL,NULL,NULL,0,NULL,NULL,NULL,NULL),(122,0,'后台权限','','','',1,1400,1385458695,1000,NULL,NULL,NULL,1385458695,1000,NULL,NULL,NULL),(144,94,'敏感词处理','敏感词处理','','system/filter-word/word-handle',0,1,1385491006,1000,NULL,NULL,NULL,1385491006,1000,NULL,NULL,NULL),(145,42,'参数明细','参数明细','','system/config/detail',1,85,1385645873,1000,NULL,NULL,NULL,1389338510,1000,'审判长烧鸭','bay.sampanhuang@gmail.com',NULL),(146,118,'配置变更日志','配置变更日志','配置变更日志','system/data-clear/config-update-history',1,2,1386007604,1000,NULL,NULL,NULL,1386007604,1000,NULL,NULL,NULL),(147,150,'权限角色','权限角色','权限角色','',1,200,1386008049,1000,NULL,NULL,NULL,1386063834,1000,'审判长烧鸭','bay.sampanhuang@gmail.com',NULL),(148,147,'查询角色','查询角色','查询角色','member/member-role/index',1,2,1386008124,1000,NULL,NULL,NULL,1386008124,1000,NULL,NULL,NULL),(149,147,'添加新角色','添加新角色','添加新角色','member/member-role/insert',1,1,1386008338,1000,NULL,NULL,NULL,1386008338,1000,NULL,NULL,NULL),(150,0,'会员权限','','','',1,1550,1386063772,1000,'审判长烧鸭','bay.sampanhuang@gmail.com',NULL,1386063810,1000,'审判长烧鸭','bay.sampanhuang@gmail.com',NULL),(151,23,'会员日志','会员日志','会员日志','member/index/log',1,1,1386141861,1000,'审判长烧鸭','bay.sampanhuang@gmail.com',NULL,1389065973,1000,'审判长烧鸭','bay.sampanhuang@gmail.com',NULL),(152,0,'公告发布','公告发布','','',1,1540,1388126515,1000,'审判长烧鸭','bay.sampanhuang@gmail.com',NULL,1388126515,1000,'审判长烧鸭','bay.sampanhuang@gmail.com',NULL),(153,152,'频道管理','','','',1,100,1388127121,1000,'审判长烧鸭','bay.sampanhuang@gmail.com',NULL,1388127344,1000,'审判长烧鸭','bay.sampanhuang@gmail.com',NULL),(154,153,'频道索引','频道索引','','bulletin/channel/index',1,8,1388127183,1000,'审判长烧鸭','bay.sampanhuang@gmail.com',NULL,1388127387,1000,'审判长烧鸭','bay.sampanhuang@gmail.com',NULL),(155,153,'频道管理','','','bulletin/channel/handle',0,7,1388127240,1000,'审判长烧鸭','bay.sampanhuang@gmail.com',NULL,1388127398,1000,'审判长烧鸭','bay.sampanhuang@gmail.com',NULL),(156,153,'添加频道','','','bulletin/channel/insert',1,6,1388127267,1000,'审判长烧鸭','bay.sampanhuang@gmail.com',NULL,1388127267,1000,'审判长烧鸭','bay.sampanhuang@gmail.com',NULL),(157,153,'更新频道','','','bulletin/channel/update',0,5,1388127292,1000,'审判长烧鸭','bay.sampanhuang@gmail.com',NULL,1388127292,1000,'审判长烧鸭','bay.sampanhuang@gmail.com',NULL),(158,110,'公告明细','','','bulletin/index/detail',1,8,1388290002,1000,'审判长烧鸭','bay.sampanhuang@gmail.com',NULL,1388290002,1000,'审判长烧鸭','bay.sampanhuang@gmail.com',NULL),(159,1,'会员参数','','','',1,500,1389337701,1000,'审判长烧鸭','bay.sampanhuang@gmail.com',NULL,1389338419,1000,'审判长烧鸭','bay.sampanhuang@gmail.com',NULL),(160,159,'参数索引','','','member/config/index',1,90,1389337976,1000,'审判长烧鸭','bay.sampanhuang@gmail.com',NULL,1389338533,1000,'审判长烧鸭','bay.sampanhuang@gmail.com',NULL),(161,159,'添加参数','','','member/config/create',1,70,1389338264,1000,'审判长烧鸭','bay.sampanhuang@gmail.com',NULL,1389669395,1000,'审判长烧鸭','bay.sampanhuang@gmail.com',NULL),(162,159,'输入设置','','','member/config/alter',0,60,1389338303,1000,'审判长烧鸭','bay.sampanhuang@gmail.com',NULL,1389669403,1000,'审判长烧鸭','bay.sampanhuang@gmail.com',NULL),(163,159,'参数明细','','','member/config/detail',1,80,1389338323,1000,'审判长烧鸭','bay.sampanhuang@gmail.com',NULL,1389669384,1000,'审判长烧鸭','bay.sampanhuang@gmail.com',NULL),(164,159,'参数处理（删除）','','','member/config/handle',0,50,1389338346,1000,'审判长烧鸭','bay.sampanhuang@gmail.com',NULL,1389669408,1000,'审判长烧鸭','bay.sampanhuang@gmail.com',NULL);

/*Data for the table `tb_manager_msg` */

/*Data for the table `tb_manager_msg_content` */

/*Data for the table `tb_manager_msg_dest` */

/*Data for the table `tb_manager_msg_inbox` */

/*Data for the table `tb_manager_msg_outbox` */

/*Data for the table `tb_manager_role` */

insert  into `tb_manager_role`(`role_id`,`role_name`,`role_admin`,`role_lock_time`,`role_insert_time`,`role_insert_manId`,`role_insert_manName`,`role_insert_manEmail`,`role_insert_ip`,`role_update_time`,`role_update_manId`,`role_update_manName`,`role_update_manEmail`,`role_update_ip`) values (1,'Administrator',1,1383192050,1374154102,0,NULL,NULL,'127.0.0.1',1389338673,1000,'审判长烧鸭','bay.sampanhuang@gmail.com','127.0.0.1'),(2,'Developer',1,1383358396,1374164102,0,NULL,NULL,'127.0.0.1',0,NULL,NULL,NULL,NULL),(4,'Customer Service',0,1385233788,1374267102,0,NULL,NULL,'127.0.0.1',1383242773,NULL,NULL,'bay.sampanhuang@gmail.com','127.0.0.1'),(5,'Accountant',0,1383358396,1374967102,0,NULL,NULL,'127.0.0.1',1383242793,NULL,NULL,'bay.sampanhuang@gmail.com','127.0.0.1'),(6,'Tester',0,1373595196,1374967102,0,NULL,NULL,'127.0.0.1',1383242823,NULL,NULL,'bay.sampanhuang@gmail.com','127.0.0.1');

/*Data for the table `tb_manager_role_menu` */

insert  into `tb_manager_role_menu`(`id`,`role_id`,`menu_id`) values (803,1,3),(804,1,4),(805,1,5),(806,1,6),(807,1,7),(808,1,8),(809,1,10),(810,1,11),(811,1,12),(812,1,13),(815,1,14),(798,1,16),(799,1,17),(800,1,18),(801,1,19),(802,1,20),(767,1,24),(768,1,25),(770,1,27),(771,1,28),(749,1,36),(750,1,37),(755,1,39),(756,1,40),(757,1,41),(782,1,43),(784,1,44),(785,1,45),(786,1,46),(787,1,47),(816,1,51),(817,1,52),(819,1,53),(818,1,54),(823,1,56),(824,1,57),(825,1,58),(820,1,60),(826,1,62),(827,1,63),(742,1,65),(743,1,66),(744,1,67),(745,1,68),(746,1,69),(758,1,71),(760,1,73),(761,1,75),(762,1,76),(774,1,78),(775,1,79),(776,1,80),(777,1,81),(763,1,84),(764,1,85),(765,1,86),(759,1,88),(753,1,89),(754,1,90),(766,1,91),(751,1,92),(752,1,93),(794,1,96),(793,1,97),(747,1,104),(748,1,107),(813,1,108),(814,1,109),(778,1,111),(779,1,112),(780,1,113),(781,1,114),(821,1,117),(797,1,120),(822,1,121),(795,1,144),(783,1,145),(796,1,146),(772,1,148),(773,1,149),(769,1,151),(788,1,160),(790,1,161),(791,1,162),(789,1,163),(792,1,164),(260,4,3),(261,4,4),(262,4,5),(263,4,6),(264,4,7),(265,4,8),(266,4,10),(267,4,11),(268,4,12),(269,4,13),(272,4,14),(255,4,16),(256,4,17),(257,4,18),(258,4,19),(259,4,20),(238,4,24),(239,4,25),(240,4,27),(241,4,28),(219,4,36),(220,4,37),(225,4,39),(226,4,40),(227,4,41),(249,4,43),(250,4,44),(251,4,45),(252,4,46),(253,4,47),(254,4,48),(276,4,51),(277,4,52),(278,4,53),(279,4,54),(281,4,56),(282,4,57),(283,4,58),(280,4,60),(284,4,62),(285,4,63),(212,4,65),(213,4,66),(214,4,67),(215,4,68),(216,4,69),(228,4,71),(230,4,73),(231,4,75),(232,4,76),(245,4,78),(246,4,79),(247,4,80),(248,4,81),(233,4,84),(234,4,85),(237,4,86),(236,4,87),(229,4,88),(223,4,89),(224,4,90),(235,4,91),(221,4,92),(222,4,93),(275,4,95),(273,4,96),(274,4,97),(242,4,99),(243,4,100),(244,4,101),(217,4,104),(218,4,107),(270,4,108),(271,4,109),(312,5,24),(313,5,25),(314,5,27),(315,5,28),(293,5,36),(294,5,37),(299,5,39),(300,5,40),(301,5,41),(323,5,51),(324,5,52),(325,5,53),(326,5,54),(328,5,56),(329,5,57),(330,5,58),(327,5,60),(331,5,62),(332,5,63),(286,5,65),(287,5,66),(288,5,67),(289,5,68),(290,5,69),(302,5,71),(304,5,73),(305,5,75),(306,5,76),(319,5,78),(320,5,79),(321,5,80),(322,5,81),(307,5,84),(308,5,85),(311,5,86),(310,5,87),(303,5,88),(297,5,89),(298,5,90),(309,5,91),(295,5,92),(296,5,93),(316,5,99),(317,5,100),(318,5,101),(291,5,104),(292,5,107),(381,6,3),(382,6,4),(383,6,5),(384,6,6),(385,6,7),(386,6,8),(387,6,10),(388,6,11),(389,6,12),(390,6,13),(393,6,14),(376,6,16),(377,6,17),(378,6,18),(379,6,19),(380,6,20),(359,6,24),(360,6,25),(361,6,27),(362,6,28),(340,6,36),(341,6,37),(346,6,39),(347,6,40),(348,6,41),(370,6,43),(371,6,44),(372,6,45),(373,6,46),(374,6,47),(375,6,48),(397,6,51),(398,6,52),(399,6,53),(400,6,54),(402,6,56),(403,6,57),(404,6,58),(401,6,60),(405,6,62),(406,6,63),(333,6,65),(334,6,66),(335,6,67),(336,6,68),(337,6,69),(349,6,71),(351,6,73),(352,6,75),(353,6,76),(366,6,78),(367,6,79),(368,6,80),(369,6,81),(354,6,84),(355,6,85),(358,6,86),(357,6,87),(350,6,88),(344,6,89),(345,6,90),(356,6,91),(342,6,92),(343,6,93),(396,6,95),(394,6,96),(395,6,97),(363,6,99),(364,6,100),(365,6,101),(338,6,104),(339,6,107),(391,6,108),(392,6,109);

/*Data for the table `tb_member` */

insert  into `tb_member`(`member_id`,`member_roleId`,`member_email`,`member_name`,`member_passwd`,`member_passwd_change_count`,`member_passwd_change_time`,`member_passwd_change_ip`,`member_login_count`,`member_login_last_time`,`member_login_last_ip`,`member_lock_time`,`member_pass_time`,`member_activeEmail_time`,`member_insert_time`,`member_insert_manId`,`member_insert_manName`,`member_insert_manEmail`,`member_insert_ip`,`member_insert_addr`,`member_update_time`,`member_update_manId`,`member_update_manName`,`member_update_manEmail`,`member_update_ip`,`member_update_addr`) values (1,1,'bay.sampanhuang@gmail.com','审判长烧鸭','a2af4d857eec405081cdc557a6a897e8',0,0,NULL,0,0,NULL,0,0,0,1396957989,0,NULL,NULL,'127.0.0.1',NULL,0,0,NULL,NULL,NULL,NULL);

/*Data for the table `tb_member_config` */

insert  into `tb_member_config`(`conf_id`,`conf_fatherId`,`conf_key`,`conf_label`,`conf_default`,`conf_input_type`,`conf_options`,`conf_remark`,`conf_order`,`conf_create_time`,`conf_create_manId`,`conf_create_manName`,`conf_create_manEmail`,`conf_create_ip`,`conf_create_addr`,`conf_alter_time`,`conf_alter_manId`,`conf_alter_manName`,`conf_alter_manEmail`,`conf_alter_ip`,`conf_alter_addr`) values (45,0,'friend','会员好友',NULL,'input',NULL,NULL,0,1385353039,1000,'审判长烧鸭','bay.sampanhuang@gmail.com','113.107.76.19',NULL,1385353039,1000,'审判长烧鸭','bay.sampanhuang@gmail.com','113.107.76.19',NULL),(46,45,'friend_request-delete-after-hand','好友请求是否在处理后删除（仅是默认值）','1','radio','1,2','1为是的，2为不是',1,1385353039,1000,'审判长烧鸭','bay.sampanhuang@gmail.com','113.107.76.19',NULL,1385353039,1000,'审判长烧鸭','bay.sampanhuang@gmail.com','113.107.76.19',NULL),(47,45,'friend_delete-after-dissolution','解除好友之后是否将我从对方列表删除（仅是默认值）','1','radio','1,2','1为是的，2为不是',2,1385353039,1000,'审判长烧鸭','bay.sampanhuang@gmail.com','113.107.76.19',NULL,1389669424,1000,'审判长烧鸭','bay.sampanhuang@gmail.com','127.0.0.1',NULL),(48,0,'test1','测试','','checkbox','1,2,3,4,5','10，20，30，40，50',1,1389671619,1000,'审判长烧鸭','bay.sampanhuang@gmail.com','127.0.0.1',NULL,1389671619,1000,'审判长烧鸭','bay.sampanhuang@gmail.com','127.0.0.1',NULL),(49,48,'test_1','测试一','5','checkbox','1,2,3,4,5','一，二、三、四、五',5,1389671729,1000,'审判长烧鸭','bay.sampanhuang@gmail.com','127.0.0.1',NULL,1389671729,1000,'审判长烧鸭','bay.sampanhuang@gmail.com','127.0.0.1',NULL);

/*Data for the table `tb_member_config_update_history` */

/*Data for the table `tb_member_config_value` */

insert  into `tb_member_config_value`(`id`,`conf_id`,`conf_memberId`,`conf_value`,`conf_insert_time`,`conf_insert_ip`,`conf_update_time`,`conf_update_ip`) values (1,46,2,'2',1385353039,'127.0.0.1',1389688661,'127.0.0.1'),(2,47,2,'2',1385353039,'127.0.0.1',1389688674,'127.0.0.1'),(3,49,2,'1,2,3,4',1389671977,'127.0.0.1',1389671977,'127.0.0.1');

/*Data for the table `tb_member_favorite` */

/*Data for the table `tb_member_friend` */

insert  into `tb_member_friend`(`friend_id`,`friend_master_memberId`,`friend_guest_memberId`,`friend_request_time`,`friend_request_ip`,`friend_insert_time`,`friend_insert_ip`) values (25,2,3,1390235563,NULL,1390235570,'127.0.0.1'),(26,3,2,1390235563,NULL,1390235570,'127.0.0.1');

/*Data for the table `tb_member_friend_request` */

insert  into `tb_member_friend_request`(`request_id`,`request_source`,`request_dest`,`request_remark`,`request_insert_time`,`request_insert_ip`,`request_pass`,`request_pass_time`,`request_pass_ip`) values (19,3,2,'=2',1390235563,NULL,1,1390235570,'127.0.0.1');

/*Data for the table `tb_member_history_password` */

/*Data for the table `tb_member_log` */

/*Data for the table `tb_member_log_2014` */

insert  into `tb_member_log_2014`(`log_id`,`log_time`,`log_ip`,`log_type`,`log_sessionId`,`log_memberId`,`log_memberName`,`log_memberEmail`) values (1,1396957990,'127.0.0.1',31,'6eln15aruba0qdpaua5hii4jc1',1,'2862f30536b7d0e1a1de06bee6d83e52','bay.sampanhuang@gmail.com'),(2,1396958374,'127.0.0.1',31,'6eln15aruba0qdpaua5hii4jc1',1,'审判长烧鸭','bay.sampanhuang@gmail.com'),(3,1396958650,'127.0.0.1',31,'6eln15aruba0qdpaua5hii4jc1',1,'审判长烧鸭','bay.sampanhuang@gmail.com'),(4,1396958723,'127.0.0.1',31,'6eln15aruba0qdpaua5hii4jc1',1,'审判长烧鸭','bay.sampanhuang@gmail.com'),(5,1396964619,'127.0.0.1',31,'6eln15aruba0qdpaua5hii4jc1',1,'审判长烧鸭','bay.sampanhuang@gmail.com'),(6,1396964684,'127.0.0.1',31,'6eln15aruba0qdpaua5hii4jc1',1,'审判长烧鸭','bay.sampanhuang@gmail.com'),(7,1396964979,'127.0.0.1',31,'6eln15aruba0qdpaua5hii4jc1',1,'审判长烧鸭','bay.sampanhuang@gmail.com'),(8,1396965082,'127.0.0.1',31,'6eln15aruba0qdpaua5hii4jc1',1,'审判长烧鸭','bay.sampanhuang@gmail.com'),(9,1396965299,'127.0.0.1',31,'6eln15aruba0qdpaua5hii4jc1',1,'审判长烧鸭','bay.sampanhuang@gmail.com'),(10,1396965462,'127.0.0.1',31,'6eln15aruba0qdpaua5hii4jc1',1,'审判长烧鸭','bay.sampanhuang@gmail.com'),(11,1396967032,'127.0.0.1',31,'6eln15aruba0qdpaua5hii4jc1',1,'审判长烧鸭','bay.sampanhuang@gmail.com'),(12,1396967741,'127.0.0.1',31,'6eln15aruba0qdpaua5hii4jc1',1,'审判长烧鸭','bay.sampanhuang@gmail.com'),(13,1396968028,'127.0.0.1',31,'6eln15aruba0qdpaua5hii4jc1',1,'审判长烧鸭','bay.sampanhuang@gmail.com'),(14,1396968114,'127.0.0.1',31,'6eln15aruba0qdpaua5hii4jc1',1,'审判长烧鸭','bay.sampanhuang@gmail.com'),(15,1396968357,'127.0.0.1',31,'6eln15aruba0qdpaua5hii4jc1',1,'审判长烧鸭','bay.sampanhuang@gmail.com'),(16,1396968449,'127.0.0.1',31,'6eln15aruba0qdpaua5hii4jc1',1,'审判长烧鸭','bay.sampanhuang@gmail.com'),(17,1396968542,'127.0.0.1',31,'6eln15aruba0qdpaua5hii4jc1',1,'审判长烧鸭','bay.sampanhuang@gmail.com'),(18,1396968691,'127.0.0.1',31,'6eln15aruba0qdpaua5hii4jc1',1,'审判长烧鸭','bay.sampanhuang@gmail.com');

/*Data for the table `tb_member_log_remark` */

/*Data for the table `tb_member_log_remark_2014` */

insert  into `tb_member_log_remark_2014`(`log_id`,`log_user_agent`,`log_remark`) values (1,'Mozilla/5.0 (Windows NT 6.1; WOW64) AppleWebKit/537.36 (KHTML, like Gecko) Maxthon/4.3.1.2000 Chrome/30.0.1599.101 Safari/537.36',NULL),(2,'Mozilla/5.0 (Windows NT 6.1; WOW64) AppleWebKit/537.36 (KHTML, like Gecko) Maxthon/4.3.1.2000 Chrome/30.0.1599.101 Safari/537.36',NULL),(3,'Mozilla/5.0 (Windows NT 6.1; WOW64) AppleWebKit/537.36 (KHTML, like Gecko) Maxthon/4.3.1.2000 Chrome/30.0.1599.101 Safari/537.36',NULL),(4,'Mozilla/5.0 (Windows NT 6.1; WOW64) AppleWebKit/537.36 (KHTML, like Gecko) Maxthon/4.3.1.2000 Chrome/30.0.1599.101 Safari/537.36',NULL),(5,'Mozilla/5.0 (Windows NT 6.1; WOW64) AppleWebKit/537.36 (KHTML, like Gecko) Maxthon/4.3.1.2000 Chrome/30.0.1599.101 Safari/537.36',NULL),(6,'Mozilla/5.0 (Windows NT 6.1; WOW64) AppleWebKit/537.36 (KHTML, like Gecko) Maxthon/4.3.1.2000 Chrome/30.0.1599.101 Safari/537.36',NULL),(7,'Mozilla/5.0 (Windows NT 6.1; WOW64) AppleWebKit/537.36 (KHTML, like Gecko) Maxthon/4.3.1.2000 Chrome/30.0.1599.101 Safari/537.36',NULL),(8,'Mozilla/5.0 (Windows NT 6.1; WOW64) AppleWebKit/537.36 (KHTML, like Gecko) Maxthon/4.3.1.2000 Chrome/30.0.1599.101 Safari/537.36',NULL),(9,'Mozilla/5.0 (Windows NT 6.1; WOW64) AppleWebKit/537.36 (KHTML, like Gecko) Maxthon/4.3.1.2000 Chrome/30.0.1599.101 Safari/537.36',NULL),(10,'Mozilla/5.0 (Windows NT 6.1; WOW64) AppleWebKit/537.36 (KHTML, like Gecko) Maxthon/4.3.1.2000 Chrome/30.0.1599.101 Safari/537.36',NULL),(11,'Mozilla/5.0 (Windows NT 6.1; WOW64) AppleWebKit/537.36 (KHTML, like Gecko) Maxthon/4.3.1.2000 Chrome/30.0.1599.101 Safari/537.36',NULL),(12,'Mozilla/5.0 (Windows NT 6.1; WOW64) AppleWebKit/537.36 (KHTML, like Gecko) Maxthon/4.3.1.2000 Chrome/30.0.1599.101 Safari/537.36',NULL),(13,'Mozilla/5.0 (Windows NT 6.1; WOW64) AppleWebKit/537.36 (KHTML, like Gecko) Maxthon/4.3.1.2000 Chrome/30.0.1599.101 Safari/537.36',NULL),(14,'Mozilla/5.0 (Windows NT 6.1; WOW64) AppleWebKit/537.36 (KHTML, like Gecko) Maxthon/4.3.1.2000 Chrome/30.0.1599.101 Safari/537.36',NULL),(15,'Mozilla/5.0 (Windows NT 6.1; WOW64) AppleWebKit/537.36 (KHTML, like Gecko) Maxthon/4.3.1.2000 Chrome/30.0.1599.101 Safari/537.36',NULL),(16,'Mozilla/5.0 (Windows NT 6.1; WOW64) AppleWebKit/537.36 (KHTML, like Gecko) Maxthon/4.3.1.2000 Chrome/30.0.1599.101 Safari/537.36',NULL),(17,'Mozilla/5.0 (Windows NT 6.1; WOW64) AppleWebKit/537.36 (KHTML, like Gecko) Maxthon/4.3.1.2000 Chrome/30.0.1599.101 Safari/537.36',NULL),(18,'Mozilla/5.0 (Windows NT 6.1; WOW64) AppleWebKit/537.36 (KHTML, like Gecko) Maxthon/4.3.1.2000 Chrome/30.0.1599.101 Safari/537.36',NULL);

/*Data for the table `tb_member_menu` */

insert  into `tb_member_menu`(`menu_id`,`menu_fatherId`,`menu_label_zh-cn`,`menu_label_zh-tw`,`menu_label_en-us`,`menu_link`,`menu_show`,`menu_order`,`menu_insert_time`,`menu_insert_manId`,`menu_insert_manName`,`menu_insert_manEmail`,`menu_insert_ip`,`menu_update_time`,`menu_update_manId`,`menu_update_manName`,`menu_update_manEmail`,`menu_update_ip`) values (150,0,'个人中心','个人中心','个人中心','',1,500,1386060549,1000,'审判长烧鸭','bay.sampanhuang@gmail.com',NULL,1388546027,1000,'审判长烧鸭','bay.sampanhuang@gmail.com',NULL),(151,150,'个人资料','个人资料','','',1,10,1386060566,1000,'审判长烧鸭','bay.sampanhuang@gmail.com',NULL,1389149207,1000,'审判长烧鸭','bay.sampanhuang@gmail.com',NULL),(152,151,'资料明细','','','profile/intro/index',1,10,1386060593,1000,'审判长烧鸭','bay.sampanhuang@gmail.com',NULL,1386063287,1000,'审判长烧鸭','bay.sampanhuang@gmail.com',NULL),(153,151,'日志查询','','','profile/intro/log',1,20,1386060612,1000,'审判长烧鸭','bay.sampanhuang@gmail.com',NULL,1386063279,1000,'审判长烧鸭','bay.sampanhuang@gmail.com',NULL),(154,150,'用户安全','','','',1,20,1386060672,1000,'审判长烧鸭','bay.sampanhuang@gmail.com',NULL,1389149201,1000,'审判长烧鸭','bay.sampanhuang@gmail.com',NULL),(155,154,'密码变更','','','profile/safe/resetpwd',1,30,1386063199,1000,'审判长烧鸭','bay.sampanhuang@gmail.com',NULL,1386063199,1000,'审判长烧鸭','bay.sampanhuang@gmail.com',NULL),(156,154,'帐号变更','','','profile/safe/update?type=name',1,20,1386063238,1000,'审判长烧鸭','bay.sampanhuang@gmail.com',NULL,1386063238,1000,'审判长烧鸭','bay.sampanhuang@gmail.com',NULL),(157,154,'邮箱变更','','','profile/safe/update?type=email',1,10,1386063254,1000,'审判长烧鸭','bay.sampanhuang@gmail.com',NULL,1386063254,1000,'审判长烧鸭','bay.sampanhuang@gmail.com',NULL),(158,150,'消息中心','','','',1,30,1386063333,1000,'审判长烧鸭','bay.sampanhuang@gmail.com',NULL,1389149192,1000,'审判长烧鸭','bay.sampanhuang@gmail.com',NULL),(159,158,'收件箱','','','profile/message/inbox',1,80,1386063355,1000,'审判长烧鸭','bay.sampanhuang@gmail.com',NULL,1386063355,1000,'审判长烧鸭','bay.sampanhuang@gmail.com',NULL),(160,158,'发件箱','','','profile/message/outbox',1,70,1386063374,1000,'审判长烧鸭','bay.sampanhuang@gmail.com',NULL,1386063374,1000,'审判长烧鸭','bay.sampanhuang@gmail.com',NULL),(161,158,'草稿箱','','','profile/message/draft',1,60,1386063394,1000,'审判长烧鸭','bay.sampanhuang@gmail.com',NULL,1386063394,1000,'审判长烧鸭','bay.sampanhuang@gmail.com',NULL),(162,158,'发消息','','','profile/message/send',1,50,1386063415,1000,'审判长烧鸭','bay.sampanhuang@gmail.com',NULL,1386063415,1000,'审判长烧鸭','bay.sampanhuang@gmail.com',NULL),(163,158,'收件处理（删除、设为已读）','','','profile/message/inbox-handle',0,40,1386063440,1000,'审判长烧鸭','bay.sampanhuang@gmail.com',NULL,1386063513,1000,'审判长烧鸭','bay.sampanhuang@gmail.com',NULL),(164,158,'发件处理（删除）','','','profile/message/outbox-handle',0,11,1386063472,1000,'审判长烧鸭','bay.sampanhuang@gmail.com',NULL,1386063472,1000,'审判长烧鸭','bay.sampanhuang@gmail.com',NULL),(165,158,'草稿处理（删除）','','','profile/message/draft-handle',0,2,1386063490,1000,'审判长烧鸭','bay.sampanhuang@gmail.com',NULL,1386063490,1000,'审判长烧鸭','bay.sampanhuang@gmail.com',NULL),(166,0,'网站导航','网站导航','','',1,700,1387624236,1000,'审判长烧鸭','bay.sampanhuang@gmail.com',NULL,1387624236,1000,'审判长烧鸭','bay.sampanhuang@gmail.com',NULL),(167,166,'注册网站','','','',1,50,1387624260,1000,'审判长烧鸭','bay.sampanhuang@gmail.com',NULL,1387624425,1000,'审判长烧鸭','bay.sampanhuang@gmail.com',NULL),(168,167,'网站查询','','','website/index/index',1,9,1387624343,1000,'审判长烧鸭','bay.sampanhuang@gmail.com',NULL,1388545940,1000,'审判长烧鸭','bay.sampanhuang@gmail.com',NULL),(169,168,'网站详情','','','website/default/detail',1,0,1387624356,1000,'审判长烧鸭','bay.sampanhuang@gmail.com',NULL,1387624377,1000,'审判长烧鸭','bay.sampanhuang@gmail.com',NULL),(170,167,'网站明细','','','website/index/detail',1,8,1387630102,1000,'审判长烧鸭','bay.sampanhuang@gmail.com',NULL,1389066830,1000,'审判长烧鸭','bay.sampanhuang@gmail.com',NULL),(171,167,'网站处理','','','website/index/handle',0,5,1387630157,1000,'审判长烧鸭','bay.sampanhuang@gmail.com',NULL,1388545961,1000,'审判长烧鸭','bay.sampanhuang@gmail.com',NULL),(172,167,'网站更新','','','website/index/update',0,6,1388545925,1000,'审判长烧鸭','bay.sampanhuang@gmail.com',NULL,1388545925,1000,'审判长烧鸭','bay.sampanhuang@gmail.com',NULL),(173,0,'业务办理','','','',1,900,1388630749,1000,'审判长烧鸭','bay.sampanhuang@gmail.com',NULL,1388630933,1000,'审判长烧鸭','bay.sampanhuang@gmail.com',NULL),(174,173,'网站导航','','','',1,90,1388630767,1000,'审判长烧鸭','bay.sampanhuang@gmail.com',NULL,1388630951,1000,'审判长烧鸭','bay.sampanhuang@gmail.com',NULL),(175,174,'提交网站','','','apply/website-register/post',1,8,1388630809,1000,'审判长烧鸭','bay.sampanhuang@gmail.com',NULL,1389076036,1000,'审判长烧鸭','bay.sampanhuang@gmail.com',NULL),(176,174,'提交结果','','','apply/website-register/index',1,10,1388630874,1000,'审判长烧鸭','bay.sampanhuang@gmail.com',NULL,1389075649,1000,'审判长烧鸭','bay.sampanhuang@gmail.com',NULL),(177,174,'申请明细','','','apply/website-register/detail',1,9,1389076024,1000,'审判长烧鸭','bay.sampanhuang@gmail.com',NULL,1389076024,1000,'审判长烧鸭','bay.sampanhuang@gmail.com',NULL),(178,150,'我的好友','','','',1,50,1389149144,1000,'审判长烧鸭','bay.sampanhuang@gmail.com',NULL,1389149184,1000,'审判长烧鸭','bay.sampanhuang@gmail.com',NULL),(179,178,'好友列表','','','profile/friend/index',1,9,1389149825,1000,'审判长烧鸭','bay.sampanhuang@gmail.com',NULL,1389149825,1000,'审判长烧鸭','bay.sampanhuang@gmail.com',NULL),(180,178,'好友处理（解除关系）','','','profile/friend/handle',0,8,1389149865,1000,'审判长烧鸭','bay.sampanhuang@gmail.com',NULL,1389151477,1000,'审判长烧鸭','bay.sampanhuang@gmail.com',NULL),(181,178,'好友申请','','','profile/friend/request',1,5,1389150849,1000,'审判长烧鸭','bay.sampanhuang@gmail.com',NULL,1389151126,1000,'审判长烧鸭','bay.sampanhuang@gmail.com',NULL),(182,178,'发送申请','','','profile/friend/request-send',1,6,1389151081,1000,'审判长烧鸭','bay.sampanhuang@gmail.com',NULL,1389151081,1000,'审判长烧鸭','bay.sampanhuang@gmail.com',NULL),(183,178,'好友申请处理（通过、拒绝）','','','profile/friend/request-handle',0,4,1389151333,1000,'审判长烧鸭','bay.sampanhuang@gmail.com',NULL,1389151461,1000,'审判长烧鸭','bay.sampanhuang@gmail.com',NULL),(184,0,'系统设置','','','',1,600,1389183370,1000,'审判长烧鸭','bay.sampanhuang@gmail.com',NULL,1389183370,1000,'审判长烧鸭','bay.sampanhuang@gmail.com',NULL),(185,184,'配置参数','','','',1,80,1389183395,1000,'审判长烧鸭','bay.sampanhuang@gmail.com',NULL,1389183395,1000,'审判长烧鸭','bay.sampanhuang@gmail.com',NULL),(186,185,'参数索引','','','system/config/index',1,10,1389183724,1000,'审判长烧鸭','bay.sampanhuang@gmail.com',NULL,1389183724,1000,'审判长烧鸭','bay.sampanhuang@gmail.com',NULL),(188,185,'修改参数','','','system/config/update',0,7,1389183762,1000,'审判长烧鸭','bay.sampanhuang@gmail.com',NULL,1389183762,1000,'审判长烧鸭','bay.sampanhuang@gmail.com',NULL),(191,185,'参数明细','','','system/config/detail',1,4,1389184768,1000,'审判长烧鸭','bay.sampanhuang@gmail.com',NULL,1389262713,1000,'审判长烧鸭','bay.sampanhuang@gmail.com',NULL);

/*Data for the table `tb_member_msg` */

/*Data for the table `tb_member_msg_content` */

/*Data for the table `tb_member_msg_dest` */

/*Data for the table `tb_member_msg_inbox` */

/*Data for the table `tb_member_msg_outbox` */

/*Data for the table `tb_member_role` */

insert  into `tb_member_role`(`role_id`,`role_name`,`role_admin`,`role_lock_time`,`role_insert_time`,`role_insert_manId`,`role_insert_manName`,`role_insert_manEmail`,`role_insert_ip`,`role_update_time`,`role_update_manId`,`role_update_manName`,`role_update_manEmail`,`role_update_ip`) values (7,'Alpha',1,1386064676,1386064888,1000,'审判长烧鸭','bay.sampanhuang@gmail.com','127.0.0.1',1386065368,1000,'审判长烧鸭','bay.sampanhuang@gmail.com','127.0.0.1'),(8,'Beta',1,1386065011,1386065024,1000,'审判长烧鸭','bay.sampanhuang@gmail.com','127.0.0.1',1386065024,1000,'审判长烧鸭','bay.sampanhuang@gmail.com','127.0.0.1'),(9,'Release ',1,1386065488,1386065496,1000,'审判长烧鸭','bay.sampanhuang@gmail.com','127.0.0.1',1386065496,1000,'审判长烧鸭','bay.sampanhuang@gmail.com','127.0.0.1'),(10,'Stable',0,1386065496,1386065535,1000,'审判长烧鸭','bay.sampanhuang@gmail.com','127.0.0.1',1389184805,NULL,NULL,NULL,'127.0.0.1'),(11,'VIP_1',0,1386324785,1386065597,1000,'审判长烧鸭','bay.sampanhuang@gmail.com','127.0.0.1',1386065853,1000,'审判长烧鸭','bay.sampanhuang@gmail.com','127.0.0.1');

/*Data for the table `tb_member_role_menu` */

insert  into `tb_member_role_menu`(`id`,`role_id`,`menu_id`) values (24,7,152),(23,7,153),(20,7,155),(21,7,156),(22,7,157),(13,7,159),(14,7,160),(15,7,161),(16,7,162),(17,7,163),(18,7,164),(19,7,165),(12,8,152),(11,8,153),(8,8,155),(9,8,156),(10,8,157),(1,8,159),(2,8,160),(3,8,161),(4,8,162),(5,8,163),(6,8,164),(7,8,165),(36,9,152),(35,9,153),(32,9,155),(33,9,156),(34,9,157),(25,9,159),(26,9,160),(27,9,161),(28,9,162),(29,9,163),(30,9,164),(31,9,165),(163,10,152),(162,10,153),(159,10,155),(160,10,156),(161,10,157),(152,10,159),(153,10,160),(154,10,161),(155,10,162),(156,10,163),(157,10,164),(158,10,165),(137,10,168),(138,10,170),(140,10,171),(139,10,172),(136,10,175),(134,10,176),(135,10,177),(147,10,179),(148,10,180),(150,10,181),(149,10,182),(151,10,183),(141,10,186),(142,10,187),(143,10,188),(144,10,189),(145,10,190),(146,10,191),(72,11,152),(71,11,153),(68,11,155),(69,11,156),(70,11,157),(61,11,159),(62,11,160),(63,11,161),(64,11,162),(65,11,163),(66,11,164),(67,11,165);

/*Data for the table `tb_member_trend_login` */

/*Data for the table `tb_member_trend_register` */

/*Data for the table `tb_safe_filter_word` */

insert  into `tb_safe_filter_word`(`word_id`,`word_val`,`word_count`,`word_insert_time`,`word_update_time`) values (3,'法轮功',2,1379269654,1389269654),(4,'法轮功大法',3,1379269654,1389269654),(5,'李洪志',4,1379269654,1389269654),(6,'鸡巴毛',5,1379269654,1389269654),(7,'鸡巴',8,1379269654,1389269654),(8,'屌毛',9,1379269654,1389269654),(9,'草榴',7,1379269654,1389269654),(10,'操你妈',11,1379269654,1399269654),(14,'西藏独立',0,1381318467,0),(16,'2',0,1385491426,0),(17,'3',0,1385491426,0),(18,'4',0,1385491426,0);

/*Data for the table `tb_state` */

insert  into `tb_state`(`state_id`,`state_fatherId`,`state_key`,`state_label`,`state_value`,`state_remark`,`state_order`,`state_insert_time`,`state_update_time`) values (36,0,'safe_filter_word','敏感词过滤','1',NULL,0,0,0),(37,36,'safe_filter_word_import_count','敏感词过滤次数','3','敏感词过滤次数',0,0,1385491426),(38,0,'data-clear','数据清理','0',NULL,0,0,0),(41,38,'data-clear_log-count','过期日志清理次数','0',NULL,0,0,0),(42,38,'data-clear_log-lasttime','过期日志清理最后时间','0',NULL,0,0,0);

/*Data for the table `tb_website` */

insert  into `tb_website`(`website_id`,`website_memberId`,`website_name`,`website_domain`,`website_logo`,`website_cover`,`website_tag`,`website_areaId`,`website_categoryId`,`website_click_in`,`website_click_out`,`website_lock_time`,`website_insert_time`,`website_insert_man`,`website_insert_ip`,`website_update_time`,`website_update_man`,`website_update_ip`,`website_update_stat`,`website_update_count`,`website_delete_stat`,`website_applyId`,`website_apply_time`,`website_apply_ip`) values (1,1,'南洋风水堂','http://www.wlfengshui.com',NULL,NULL,'菲律宾,奎松,南洋天地宫,风水',1190,2200,0,0,0,1396958167,NULL,NULL,0,NULL,NULL,0,0,0,1,1396957989,'127.0.0.1'),(2,1,'菲律宾华教中心','http://www.pcerc.org',NULL,NULL,'华文教育,汉语教学,学术研究',1190,1900,0,0,0,1396964550,NULL,NULL,0,NULL,NULL,0,0,0,4,1396958723,'127.0.0.1'),(3,1,'菲律宾万博娱乐城','http://www.wb88.cc',NULL,NULL,'凯悦赌场,网络博彩,体育博彩,互动博彩',1190,2000,0,0,0,1396964550,NULL,NULL,0,NULL,NULL,0,0,0,3,1396958650,'127.0.0.1'),(4,1,'菲龙网','http://www.flw.ph',NULL,NULL,'本地新闻,时事评论,财经新闻,华人世界,美食专题,旅游专题,娱乐场所,爱车一族,亲子乐园,电子科技,时尚潮流,体育交流,新手报到,会员照片,菲华好歌声,情感日志,摄影爱好,语言交流,商品买卖,房屋交易,生活服务,招聘求职',1190,1000,0,0,0,1396964550,NULL,NULL,0,NULL,NULL,0,0,0,2,1396958374,'127.0.0.1'),(5,1,'菲律宾商报','http://www.shangbao.com.ph',NULL,NULL,'菲律宾,华人,国际,经济,投资,中国,侨务,留学,旅游',1190,1400,0,0,0,1396965491,NULL,NULL,0,NULL,NULL,0,0,0,10,1396965462,'127.0.0.1'),(6,1,'路路发菲律宾','http://www.668ph.com',NULL,NULL,'贸易,供求,求购,批发,采购,市场,买卖信息,库存信息,合作,商业资讯,商人社区,商业交流,菲律宾,华人,居住,生活,社区交流平台,就业机会,找工作,招工,店面,房产,招租,出售,留学,网站',1190,1000,0,0,0,1396965491,NULL,NULL,0,NULL,NULL,0,0,0,9,1396965299,'127.0.0.1'),(7,1,'菲华网','http://www.feihuaph.com',NULL,NULL,'菲律宾新闻,财经新闻,华人世界,家园,写日记,发心情,传相册,分享瞬间,房产,交友,菲律宾留学,菲律宾旅游',1190,1000,0,0,0,1396965491,NULL,NULL,0,NULL,NULL,0,0,0,8,1396965081,'127.0.0.1'),(8,1,'菲华商联总会','http://www.ffcccii.org',NULL,NULL,'商界领袖',1190,2400,0,0,0,1396965491,NULL,NULL,0,NULL,NULL,0,0,0,7,1396964978,'127.0.0.1'),(9,1,'中国驻菲律宾共和国大使馆','http://ph.chineseembassy.org',NULL,NULL,'中国,菲律宾,大使馆,中菲关系',1190,2100,0,0,0,1396965491,NULL,NULL,0,NULL,NULL,0,0,0,6,1396964684,'127.0.0.1'),(10,1,'中国驻拉瓦格领事馆','http://laoag.china-consulate.org',NULL,NULL,'拉瓦格,领事馆,中菲关系,领馆信息,申办中国签证须知,领事保护和服务指南',1190,2100,0,0,0,1396965491,NULL,NULL,0,NULL,NULL,0,0,0,5,1396964619,'127.0.0.1'),(11,1,'贝尔教师校园','http://btc.ipm.edu.mo',NULL,NULL,'Bell,Teacher,Campus,(Macao),Teacher-Training,teachers,of,English,ESL,Teachers,Macao,China,Asia,language,learning,Teaching,Knowledge,Test,(TKT),methodology,primary,school,secondary,university,MPI-Bell,Centre,Polytechnic,Institute,貝爾教師校園(澳門),教師培訓,英語教師,ESL教師,澳門,中國,亞洲,英語學習,劍橋英語教師認證考試,方法論,小學,中學,大學,理工貝爾英語中心,澳門理工學院,贝尔教师校园(澳门),教师培训,英语教师,ESL教师,澳门,中国,亚洲,英语学习,剑桥英语教师认证考试,方法论,小学,中学,大学,理工贝尔英语中心,澳门理工学院',1140,1900,0,0,0,1396967175,NULL,NULL,0,NULL,NULL,0,0,0,11,1396967032,'127.0.0.1'),(12,1,'千岛日报','http://www.qiandaoribao.com',NULL,NULL,'千岛日报',1250,1400,0,0,0,1396968561,NULL,NULL,0,NULL,NULL,0,0,0,17,1396968542,'127.0.0.1'),(13,1,'印尼华人论坛','http://www.indohuaren.org',NULL,NULL,'印尼华人,印度尼西亚华人',1250,1100,0,0,0,1396968561,NULL,NULL,0,NULL,NULL,0,0,0,16,1396968449,'127.0.0.1'),(14,1,'越南展览网','http://www.vnexpo.org',NULL,NULL,'越南展览会,贸易博览会,越南-中越会展中心网,拓展越南市场行业尖兵,Vietnam,Business,&amp;,Exhibition,Center',1200,1700,0,0,0,1396968561,NULL,NULL,0,NULL,NULL,0,0,0,15,1396968357,'127.0.0.1'),(15,1,'越南中文网','http://www.taobaoshop.cn',NULL,NULL,'越南新闻,越南旅游攻略,越南新娘动态,越南特产批发',1200,1000,0,0,0,1396968561,NULL,NULL,0,NULL,NULL,0,0,0,14,1396968114,'127.0.0.1'),(16,1,'迪拜中文网','http://www.dibainews.com',NULL,NULL,'迪拜,阿联酋,迪拜新闻,迪拜留学,经济贸易,法律法规',1340,1100,0,0,0,1396968561,NULL,NULL,0,NULL,NULL,0,0,0,13,1396968028,'127.0.0.1'),(17,1,'皇家商标','http://www.royaltm.com',NULL,NULL,'商標,註冊,中國商標,香港商標,澳門商標,臺灣商標,商标,注册,中国商标,香港商标,澳门商标,台湾商标',1140,1700,0,0,0,1396968561,NULL,NULL,0,NULL,NULL,0,0,0,12,1396967741,'127.0.0.1'),(18,1,'印度华人论坛','http://www.soyou.in',NULL,'','印度华人论坛,印度留学论坛,印度论坛,印度华人社区,印度BBS,华人论坛,印度,印度华人,社区论坛,印度留学,印度签证,印度旅游,印度外贸,印度生活,印度文化,中印贸易,印度商务,二手买卖,招聘求职,印度电影,印度音乐',1290,1100,0,1,0,1396968705,NULL,NULL,0,NULL,NULL,0,0,0,18,1396968690,'127.0.0.1');

/*Data for the table `tb_website_apply_delete` */

/*Data for the table `tb_website_apply_register` */

insert  into `tb_website_apply_register`(`register_id`,`website_id`,`website_memberId`,`website_name`,`website_domain`,`website_logo`,`website_cover`,`website_tag`,`website_categoryId`,`website_areaId`,`register_insert_time`,`register_insert_ip`,`register_insert_addr`,`register_update_time`,`register_update_ip`,`register_update_addr`,`register_pass_time`,`register_pass_ip`,`register_pass_addr`,`register_pass`) values (1,0,1,'南洋风水堂','http://www.wlfengshui.com',NULL,NULL,'菲律宾,奎松,南洋天地宫,风水',2200,1190,1396957989,'127.0.0.1',NULL,1396957989,'127.0.0.1',NULL,1396958167,'127.0.0.1',NULL,1),(2,0,1,'菲龙网','http://www.flw.ph',NULL,NULL,'本地新闻,时事评论,财经新闻,华人世界,美食专题,旅游专题,娱乐场所,爱车一族,亲子乐园,电子科技,时尚潮流,体育交流,新手报到,会员照片,菲华好歌声,情感日志,摄影爱好,语言交流,商品买卖,房屋交易,生活服务,招聘求职',1000,1190,1396958374,'127.0.0.1',NULL,1396958374,'127.0.0.1',NULL,1396964552,'127.0.0.1',NULL,1),(3,0,1,'菲律宾万博娱乐城','http://www.wb88.cc',NULL,NULL,'凯悦赌场,网络博彩,体育博彩,互动博彩',2000,1190,1396958650,'127.0.0.1',NULL,1396958650,'127.0.0.1',NULL,1396964552,'127.0.0.1',NULL,1),(4,0,1,'菲律宾华教中心','http://www.pcerc.org',NULL,NULL,'华文教育,汉语教学,学术研究',1900,1190,1396958723,'127.0.0.1',NULL,1396958723,'127.0.0.1',NULL,1396964552,'127.0.0.1',NULL,1),(5,0,1,'中国驻拉瓦格领事馆','http://laoag.china-consulate.org',NULL,NULL,'拉瓦格,领事馆,中菲关系,领馆信息,申办中国签证须知,领事保护和服务指南',2100,1190,1396964619,'127.0.0.1',NULL,1396964619,'127.0.0.1',NULL,1396965495,'127.0.0.1',NULL,1),(6,0,1,'中国驻菲律宾共和国大使馆','http://ph.chineseembassy.org',NULL,NULL,'中国,菲律宾,大使馆,中菲关系',2100,1190,1396964684,'127.0.0.1',NULL,1396964684,'127.0.0.1',NULL,1396965495,'127.0.0.1',NULL,1),(7,0,1,'菲华商联总会','http://www.ffcccii.org',NULL,NULL,'商界领袖',2400,1190,1396964978,'127.0.0.1',NULL,1396964978,'127.0.0.1',NULL,1396965495,'127.0.0.1',NULL,1),(8,0,1,'菲华网','http://www.feihuaph.com',NULL,NULL,'菲律宾新闻,财经新闻,华人世界,家园,写日记,发心情,传相册,分享瞬间,房产,交友,菲律宾留学,菲律宾旅游',1000,1190,1396965081,'127.0.0.1',NULL,1396965081,'127.0.0.1',NULL,1396965495,'127.0.0.1',NULL,1),(9,0,1,'路路发菲律宾','http://www.668ph.com',NULL,NULL,'贸易,供求,求购,批发,采购,市场,买卖信息,库存信息,合作,商业资讯,商人社区,商业交流,菲律宾,华人,居住,生活,社区交流平台,就业机会,找工作,招工,店面,房产,招租,出售,留学,网站',1000,1190,1396965299,'127.0.0.1',NULL,1396965299,'127.0.0.1',NULL,1396965495,'127.0.0.1',NULL,1),(10,0,1,'菲律宾商报','http://www.shangbao.com.ph',NULL,NULL,'菲律宾,华人,国际,经济,投资,中国,侨务,留学,旅游',1400,1190,1396965462,'127.0.0.1',NULL,1396965462,'127.0.0.1',NULL,1396965495,'127.0.0.1',NULL,1),(11,0,1,'贝尔教师校园','http://btc.ipm.edu.mo',NULL,NULL,'Bell,Teacher,Campus,(Macao),Teacher-Training,teachers,of,English,ESL,Teachers,Macao,China,Asia,language,learning,Teaching,Knowledge,Test,(TKT),methodology,primary,school,secondary,university,MPI-Bell,Centre,Polytechnic,Institute,貝爾教師校園(澳門),教師培訓,英語教師,ESL教師,澳門,中國,亞洲,英語學習,劍橋英語教師認證考試,方法論,小學,中學,大學,理工貝爾英語中心,澳門理工學院,贝尔教师校园(澳门),教师培训,英语教师,ESL教师,澳门,中国,亚洲,英语学习,剑桥英语教师认证考试,方法论,小学,中学,大学,理工贝尔英语中心,澳门理工学院',1900,1140,1396967032,'127.0.0.1',NULL,1396967032,'127.0.0.1',NULL,1396967178,'127.0.0.1',NULL,1),(12,0,1,'皇家商标','http://www.royaltm.com',NULL,NULL,'商標,註冊,中國商標,香港商標,澳門商標,臺灣商標,商标,注册,中国商标,香港商标,澳门商标,台湾商标',1700,1140,1396967741,'127.0.0.1',NULL,1396967741,'127.0.0.1',NULL,1396968564,'127.0.0.1',NULL,1),(13,0,1,'迪拜中文网','http://www.dibainews.com',NULL,NULL,'迪拜,阿联酋,迪拜新闻,迪拜留学,经济贸易,法律法规',1100,1340,1396968028,'127.0.0.1',NULL,1396968028,'127.0.0.1',NULL,1396968564,'127.0.0.1',NULL,1),(14,0,1,'越南中文网','http://www.taobaoshop.cn',NULL,NULL,'越南新闻,越南旅游攻略,越南新娘动态,越南特产批发',1000,1200,1396968114,'127.0.0.1',NULL,1396968114,'127.0.0.1',NULL,1396968564,'127.0.0.1',NULL,1),(15,0,1,'越南展览网','http://www.vnexpo.org',NULL,NULL,'越南展览会,贸易博览会,越南-中越会展中心网,拓展越南市场行业尖兵,Vietnam,Business,&amp;,Exhibition,Center',1700,1200,1396968357,'127.0.0.1',NULL,1396968357,'127.0.0.1',NULL,1396968564,'127.0.0.1',NULL,1),(16,0,1,'印尼华人论坛','http://www.indohuaren.org',NULL,NULL,'印尼华人,印度尼西亚华人',1100,1250,1396968449,'127.0.0.1',NULL,1396968449,'127.0.0.1',NULL,1396968564,'127.0.0.1',NULL,1),(17,0,1,'千岛日报','http://www.qiandaoribao.com',NULL,NULL,'千岛日报',1400,1250,1396968542,'127.0.0.1',NULL,1396968542,'127.0.0.1',NULL,1396968564,'127.0.0.1',NULL,1),(18,0,1,'印度华人论坛','http://www.soyou.in',NULL,NULL,'印度华人论坛,印度留学论坛,印度论坛,印度华人社区,印度BBS,华人论坛,印度,印度华人,社区论坛,印度留学,印度签证,印度旅游,印度外贸,印度生活,印度文化,中印贸易,印度商务,二手买卖,招聘求职,印度电影,印度音乐',1100,1290,1396968690,'127.0.0.1',NULL,1396968690,'127.0.0.1',NULL,1396968706,'127.0.0.1',NULL,1);

/*Data for the table `tb_website_apply_register_intro` */

insert  into `tb_website_apply_register_intro`(`register_id`,`website_intro`) values (1,'菲律宾南洋天地宫坐落于奎松市，平时有华人华侨诚心祭拜，并有风水服务。风水是通过环境和气场的改变助你一生吉祥好运。\r\n预测不是坐等事情的发生，而是更好的规划未来。'),(2,'菲龙网建于2013年7月15，菲龙网是目前管理得最完善的菲律宾华人论坛，菲龙网的目标是成为菲律宾最具影响力的华文媒体。 \r\n\r\n菲龙网的内容板块有本地新闻、时事评论、财经新闻、华人世界、美食专题、旅游专题、娱乐场所、爱车一族、亲子乐园、电子科技、时尚潮流、体育交流、新手报到、会员照片、菲华好歌声、情感日志、摄影爱好、语言交流、商品买卖、房屋交易、生活服务、招聘求职等。'),(3,'万博娱乐城是菲律宾最大赌场酒店&quot;凯悦赌场&quot;旗下全球知名网络博彩网站。2006年公司获得菲律宾FCLRC颁发体育博彩及互动博彩游戏执照,能从事包括Financial Betting、live casino、proxy betting、sports book等在内的所有互联网博彩项目（FULL LICENSE)。公司所有产品及服务均接受菲律宾卡格扬经济特区（CEZA, Cagayan Special Economic Zone Authority）和第一卡格扬 (FCLRC, First Cagayan leisure and Resort Corporation)的管辖。我们所使用的软件，都经过了TST（Technical Systems Testing）的安全测试，保证软件的任何环节都没有问题，并且派彩公平公正。 \r\n\r\n万博88娱乐城母公司凯悦赌场酒店(Hyatt Hotel and Casino)是马尼拉湾的豪华地标,位于马尼拉的商业与购物区,至马卡蒂(Makati)金融商业区约30分钟车程。 马尼拉2005年新落成的凯悦赌场酒店(Hyatt Hotel and Casino)颇受瞩目，富丽堂皇，尤其是内部的赌场﹐各国游客都趋之若骛。而内部的赌场，号称是境内饭店赌场规模最大者，123张赌桌以及30种、626架游戏机。 \r\n\r\n万博88娱乐城凭借&quot;Hyatt Hotel And Casino Manila凯悦赌场&quot;雄厚的资金实力以及高素质的专业人才和优质高效的客户服务以在业界树立良好的企业形象。公司在创新服务，技术开拓、安全维护等方面进行了重点投入，并不断开发新的业务品种、推出多元化的配套服务，打造最优质的在线博彩娱乐互动平台。 \r\n\r\n公司运营总部设于菲律宾卡格扬经济特区（CEZA, Cagayan Special Economic Zone Authority）。目前，设有销售部、技术部、行政人事部、财务部、法律部等部门和产品服务、代理推广两个主营业务部门以及技术开发中心、发展研究中心、网络安全维护中心三个综合部门。'),(4,'菲律宾华教中心于1991年5月24日成立，菲律宾华教中心是一个服务于菲律宾全国从事华文教育和汉语教学单位的学术研究和行政协调机构，菲律宾华教中心宗旨是发展菲律宾华社的华文教育和主流社会的汉语教学。作为菲律宾一个专业民间组织，菲律宾华教中心与菲律宾政府机关，如教育部、高等教育委员会、外交部、移民局等，建立比较密切的协作关系，共同为推动菲律宾华社的华文教育和主流社会的汉语教学而积极工作。 \r\n\r\n菲律宾华教中心由“老华人”倡捐，侨中学院董事、校友以及许先生、各旅菲校友会、进步党总部洎各支部、新联公会和热心社会人士等捐资设立基金，开展工作。陈清楠老先生纪念教育基金、李淡先生纪念基金、庄中蔚曾真真教育基金、蔡国明教育基金、施雨良教育基金、蔡建华教育基金、施灿悦教育纪念基金各以100万比索为基金,支持中心。佘明培先生纪念基金会、李国箴许美真伉俪基金会、爱心文教基金会、丁德仁等每年拨款捐献中心，积极支持中心的工作。 \r\n\r\n菲律宾华教中心办公室负责开展各项具体工作，下设资讯部、出版部、师资部、交流部、考试部等专业功能的部门，由专人负责其业务。1992年4月20日，成立正式立案的全国性华语教师组织——菲律宾华语教师协会，作为附属机构，开展有关华语教师业务、福利、联谊的工作和活动。2003年10月底起，成立四个正式立案的地区性华文教育组织——大马尼拉华教协会、吕宋华教协会、米沙鄢华教协会、棉兰老华教协会，覆盖全菲律宾，会员学校共114所。下属的四个华教协会，在中心的统一协调下，在本地区推动华语第二语言教学，提高华语教学质量。 \r\n\r\n菲律宾华教中心立足菲律宾，面向世界，与五大洲33个国家和地区的有关单位和人士建立联系，开展各种方式的交流活动。特别是与中国的教育部、文化部、新闻出版总署、汉办、侨办、中国华文教育基金会以及地方教育部门、大专院校、幼儿园，交流密切，合作广泛。2002年12月，在中国北京设立驻北京办事处，负责办理在华的有关事务。 \r\n\r\n菲律宾华教中心扎实的工作，得到社会的普遍肯定和重视。中国大使馆、商总、晋总、和统会、校友联、陈延奎基金会、宿务无名氏（引叔）、爱心文教基金会、李国箴许美真伉俪基金会等长期委托协助办理一系列培训、评选、奖学的活动。'),(5,'中华人民共和国驻拉瓦格领事馆是继中国驻菲律宾大使馆和驻宿务总领事馆后，中国在菲设立的第三处政府代表机构。领区包括菲律宾第一地区、第二地区和科迪勒拉行政区，共计15个省，面积近6万平方公里。 \r\n\r\n　　近年来，随着中菲两国关系的不断发展，拉瓦格领区和中国国内相关省市在经贸、人员和文化等领域的交流与合作不断扩大。我们愿借助网络这一平台，及时向您介绍中国，帮助您了解中菲关系、领馆信息、申办中国签证须知及领事保护和服务指南等。'),(6,'中华人民共和国驻菲律宾共和国大使馆致力于推动中菲关系健康、平稳发展，致力于增进两国人民的相互了解和交流合作，致力于为海外华侨、华人、中资机构和留学生提供便捷、高效的领事服务。 \r\n\r\n中国驻菲律宾共和国大使馆地址: \r\n\r\n1235 Acacia Street, \r\nDasmarinas Village, \r\nMakati City, \r\nMetro Manila, \r\nRepublic of the Philippines ( Front Gate). \r\n\r\n4896 Pasay Road, \r\nDasmarinas Village, \r\nMakati City, \r\nMetro Manila, \r\nRepublic of the Philippines (Rear Gate). \r\n\r\n总机 0063-2-8443148，接线员分机101'),(7,'菲华商联总会是由一群关心社会公益事业的商界领袖，於一九五四年创立，目前本会已经发展成為本国主要商业团体之一。 \r\n\r\n菲华商联总会除了向其会员单位的需要提供服务之外，也在促进本国经济和社会发展方面，起着巨大作用。 \r\n\r\n本会的各项主张和方案，均反映在政府的经济政策上。我们从事各种民事工作，支援各项人道主义事业，参与各项文化活动，并以各种方式援助菲青少年教育事业。我们继续促进菲华社会的和谐团结。今天，本会在全国各地已经拥有一百七十个会员单位，每一个会员单位均从事各项响应社会需求的方案和活动。我们与社会各领域一起合作，共同实现国家进步和全民富足。 \r\n\r\n亚谨诺总统阁下在本会第廿八次全菲代表大会上，表彰本会為本国工商业和国家发展的支柱，同时期盼本会能够继续成為建设一个更加理想国家的支柱。中华人民共和国驻菲特命全权大使刘建超阁下在代大致词中同样讚扬本会為发展菲华社会的支柱，為促进菲中友谊的支柱。 \r\n\r\n菲华商联总会能获菲中两政府的信任，激励我们為国家社会做更多事，坚持不懈地推行我们的各项方案，為国家建设作出贡献。我们愿与政府当局及社会各界携手合作，加强实现国家繁荣昌盛的伙伴关係。'),(8,'菲华网是服务于菲律宾华人的中文网站。菲华网的内容板块有菲律宾新闻、财经新闻、华人世界、家园、写日记、发心情、传相册、分享瞬间、房产、交友、菲律宾留学、菲律宾旅游等。'),(9,'菲律宾免费的商信息收发平台,菲律宾最专业的中国商品集散地\r\n打造菲律宾最专业的电子商务市场，为在菲经商的商家提供一个免费的商业信息交流平台，我们提供了一个先进的网络展厅，可有效的减轻商家的库存压力，减少商家的推销成本。\r\n网站还为在菲居住的华人提供了一个便捷的社区生活交流平台'),(10,'菲律宾商报是菲律宾歷史最悠久的华文报刊，创刊於1919年。菲律宾商报提供菲律宾华人社会及国内外新闻及评论，為菲律宾较有权威性华文报刊。网站的内容板块有菲国、华人、国际、经济、投资、中国、侨务、留学、旅游等。'),(11,'澳门贝尔教师校园为世界各地教师提供专业发展、语言文化交流的独特机会，自从2009年以来,全球共有2,500多名教师受益于该项目在英国剑桥校园举行的教师培训活动。 \r\n\r\n如今，被公认为澳门本土及东南亚地区优质英语教育培训中心的澳门理工学院理工-贝尔英语中心与贝尔教育服务携手合作，把该项目介绍到澳门来，将在2013年7月于澳门理工学院举行第一届（澳门）贝尔教师校园，该项目为一或两个星期的住宿式教师培训活动。 \r\n\r\n（澳门）贝尔教师校园将提供一系列涵盖教师专业培训的课程，内容丰富多彩，每个上午有三小时的选修课程，下午有专业工作坊，晚上还有澳门文化考察活动。课程设置精彩独特，与其说是教师的专业培训课程，倒不如说是生动有趣的课程研讨会；课程集先进专业教学知识、创意活动教学以及多姿多彩的课外活动于一体。 \r\n\r\n老师们，欢迎您们一起加入（澳门）贝尔教师校园，参与这独一无二的培训活动，见识那与别不同的神奇澳门，留下您们终生难忘的珍贵记忆！'),(12,'澳门皇家商标服务专营各地商标註册，熟悉各地商标註册及商标查询手续流程。\r\n皇家商标业务团队覆盖中、港、澳、台，凭藉多年经验及团队的优势，重点处理中国商标、香港商标、澳门商标及台湾商标四大地区。為你介绍商标註册流程及申请商标费用。'),(13,'迪拜中文网 - 迪拜华人互帮网以翻译英文版阿联酋迪拜新闻，迪拜留学，经济贸易，法律法规为主。\r\n阿联酋迪拜华人互帮，商业广告互动交流为辅。'),(14,'越南中文网提供实时越南新闻、越南旅游攻略、越南新娘动态、越南特产批发、以及打造最好的互动越南论坛。'),(15,'越南展览网专业业从事操作中国-越南两国之间展览和会议组织与服务、越南市场商务考察、市场调研、投资咨询、贸易促进服务等多项业务于一体。与越南相关政府和贸促机构、会展公司、行业协会、企业界国合作密切；同时也得到了越南工贸部贸促局、越南工商联合会、越南驻华大使馆的大力协助。 \r\n\r\n架设中越企业合作互动的桥梁，成为中国企业进入越南市场最资深的向导。我们在越南首都河内和越南最大商业城市胡志明市设有分支机构，在承办和协办各种越南会展和商务活动等方面具有独到的专业优势。 \r\n\r\n每年在越南操作约40个各类会展和商务活动项目，为中国企业高效、低成本拓展越南市场做出了极大的贡献。 我们常年在越南协办展会和承办各类商务促进活动的部分项目：越南国际贸易博览会、越南国际造船工业及海运展览会、越南国际工业产品展览会、越南国际能源产业博览会、越南国际食品饮料工业博览会、越南水产交易会、越南国际环保技术展览会、越南国际建筑装饰博览会、越南国际农业博览会、越南国际汽车及零配件展览会、中国产品（越南）交易会、中国纺织面料辅料出口越南采购对接会、中国教育器材出口越南采购对接会、中国鞋材出口越南采购对接会、中国-越南水泥行业投资、设备应用及新技术新材料交流推介会、中国进口越南水产品采购会 ……等约40个展览及商务会议项目。'),(16,'印尼华人论坛是面向印度尼西亚华人的一个不牟利的组织\r\n目前印尼华人论坛最大的看客来自中国（中国、香港、台湾和澳门）以及东南亚（印尼、马来西亚和新加坡）。'),(17,'千岛日报创刊于2000年10月10日。其办报的宗旨是：争取和维护华人正当权益，促进各族和谐共处，共创国家社会的繁荣。报纸刊头上以“千岛安祥，人民幸福”八字涵盖此宗旨。 \r\n\r\n自2008年5月份起，《千岛日报》周一至周六每天出版四大张（间或增版），共16版：第一版：国际、国内重大新闻；第二版：国内次要新闻：第三版：泗水与地区新闻版；第四版：华社动态版；第五版：经济新闻；第六版：医药保健；第七版：副刊版；第八版：文娱、体育版。 \r\n\r\n此外，“两岸四地”、“台湾信息”、“国际新闻”，以及广东老报人每月为我报编纂《中华文化》、《天南地北》、《家庭彩色版》、《童心》各两版；中国新闻社也按期为《千岛日报》代编“天下华人”、“健康养生”、“中国影片”、“新闻追踪”、“古今轶事”、“两岸焦点”、“华文园地”等，广东海外交流协会每月为我报编纂一期“侨乡广东”，这些都按期安排在第9至16版栏目内。 \r\n\r\n《千岛日报》销行印尼全国，以印尼东部地区为主，并有寄至港、澳、中国大陆等地。服务对象是广大印尼华人读者。为目前印尼国内销行量较多、销行地区较广泛、影响面较大的华文报刊之一。香港凤凰台杨锦麟先生主持的《有报天天读》栏目，不时介绍《千岛日报》重大新闻标题和主笔莫非、南山仔的“时评”撰文，足见《千岛日报》的分量。'),(18,'印度华人论坛旨在为华人提供一个了解中国和印度的社区交流平台，包含印度留学，印度签证，印度旅游，印度外贸，印度生活，印度文化，中印贸易，印度商务，二手买卖，招聘求职等多个栏目板块，力图打造成最专业的印度华人社区。');

/*Data for the table `tb_website_apply_update` */

/*Data for the table `tb_website_apply_update_intro` */

/*Data for the table `tb_website_area` */

insert  into `tb_website_area`(`area_id`,`area_fatherId`,`area_name_zh-cn`,`area_name_zh-tw`,`area_name_en-us`,`area_count_website`,`area_count_click_in`,`area_count_click_out`,`area_order`,`area_insert_time`,`area_insert_man`,`area_insert_ip`,`area_update_time`,`area_update_man`,`area_update_ip`) values (1000,0,'亚洲','亞洲','Asia',0,0,0,10,1382196024,NULL,NULL,0,NULL,NULL),(1110,1000,'中国','中國','China',0,0,0,790,1382546968,NULL,NULL,0,NULL,NULL),(1120,1000,'台湾','臺灣','Taiwan',0,0,0,780,1382546968,NULL,NULL,0,NULL,NULL),(1130,1000,'香港','香港','Hong Kong',0,0,0,770,1382546968,NULL,NULL,0,NULL,NULL),(1140,1000,'澳门','澳門','Macau',2,0,0,760,1382546968,NULL,NULL,0,NULL,NULL),(1150,1000,'日本','日本','Japan',0,0,0,750,1382546968,NULL,NULL,0,NULL,NULL),(1160,1000,'北韩','北韓','Korea Republic Of',0,0,0,740,1382546968,NULL,NULL,0,NULL,NULL),(1170,1000,'新加坡','新加坡','Singapore',0,0,0,730,1382546968,NULL,NULL,0,NULL,NULL),(1180,1000,'马来群岛','馬來群島','Malaysia',0,0,0,720,1382546968,NULL,NULL,0,NULL,NULL),(1190,1000,'菲律宾群岛','菲律賓群島','Philippines',10,0,0,710,1382546968,NULL,NULL,0,NULL,NULL),(1200,1000,'越南','越南','Viet Nam',2,0,0,700,1382546968,NULL,NULL,0,NULL,NULL),(1210,1000,'泰国','泰國','Thailand',0,0,0,690,1382546968,NULL,NULL,0,NULL,NULL),(1220,1000,'老挝','寮國',NULL,0,0,0,680,1382546968,NULL,NULL,0,NULL,NULL),(1230,1000,'高棉(柬埔寨)','高棉(柬埔寨)',NULL,0,0,0,670,1382546968,NULL,NULL,0,NULL,NULL),(1240,1000,'土耳其','土耳其',NULL,0,0,0,660,1382546968,NULL,NULL,0,NULL,NULL),(1250,1000,'印尼','印尼',NULL,2,0,0,650,1382546968,NULL,NULL,0,NULL,NULL),(1260,1000,'文莱(东亚)','汶萊(東亞)',NULL,0,0,0,640,1382546968,NULL,NULL,0,NULL,NULL),(1270,1000,'南韩','南韓',NULL,0,0,0,630,1382546968,NULL,NULL,0,NULL,NULL),(1280,1000,'蒙古','蒙古','Mongolia',0,0,0,620,1382546968,NULL,NULL,0,NULL,NULL),(1290,1000,'印度','印度','India',1,0,1,610,1382546968,NULL,NULL,0,NULL,NULL),(1300,1000,'巴基斯坦','巴基斯坦','Pakistan',0,0,0,600,1382546968,NULL,NULL,0,NULL,NULL),(1310,1000,'尼泊尔','尼泊爾','Nepal',0,0,0,590,1382546968,NULL,NULL,0,NULL,NULL),(1320,1000,'苏丹','蘇丹','Sudan',0,0,0,580,1382546968,NULL,NULL,0,NULL,NULL),(1330,1000,'不丹(印度北部)','不丹(印度北部)','Bhutan',0,0,0,570,1382546968,NULL,NULL,0,NULL,NULL),(1340,1000,'阿联酋','阿聯酋','United Arab Emirates',1,0,0,560,1382546968,NULL,NULL,0,NULL,NULL),(1350,1000,'亚美尼亚(西南亚)','亞美尼亞(西南亞)','Armenia',0,0,0,550,1382546968,NULL,NULL,0,NULL,NULL),(1360,1000,'亚塞拜然共和国(西南亚)','亞塞拜然共和國(西南亞)','Azerbaijan',0,0,0,540,1382546968,NULL,NULL,0,NULL,NULL),(1370,1000,'孟加拉','孟加拉','Bangladesh',0,0,0,530,1382546968,NULL,NULL,0,NULL,NULL),(1380,1000,'巴林','巴林','Bahrain',0,0,0,520,1382546968,NULL,NULL,0,NULL,NULL),(1390,1000,'塞浦路斯(土耳其西南方)','賽普勒斯(土耳其西南方)','Cyprus',0,0,0,510,1382546968,NULL,NULL,0,NULL,NULL),(1400,1000,'也门','葉門','Yemen',0,0,0,500,1382546968,NULL,NULL,0,NULL,NULL),(1410,1000,'叙利亚','敘利亞','Syrian Arab Republic',0,0,0,490,1382546968,NULL,NULL,0,NULL,NULL),(1420,1000,'乌兹别克斯坦','烏茲別克斯坦','Uzbekistan',0,0,0,480,1382546968,NULL,NULL,0,NULL,NULL),(1430,1000,'土库曼(中亚)','土庫曼(中亞)','Turkmenistan',0,0,0,470,1382546968,NULL,NULL,0,NULL,NULL),(1440,1000,'以色列','以色列','Israel',0,0,0,460,1382546968,NULL,NULL,0,NULL,NULL),(1450,1000,'伊拉克','伊拉克','Iraq',0,0,0,450,1382546968,NULL,NULL,0,NULL,NULL),(1460,1000,'伊朗','伊朗','Iran (Islamic Republic Of)',0,0,0,440,1382546968,NULL,NULL,0,NULL,NULL),(1470,1000,'约旦','約旦','Jordan',0,0,0,430,1382546968,NULL,NULL,0,NULL,NULL),(1480,1000,'黎巴嫩','黎巴嫩','Lebanon',0,0,0,420,1382546968,NULL,NULL,0,NULL,NULL),(1490,1000,'哈萨克斯坦','哈薩克','Kazakhstan',0,0,0,410,1382546968,NULL,NULL,0,NULL,NULL),(1500,1000,'斯里兰卡','斯里蘭卡','Sri Lanka',0,0,0,400,1382546968,NULL,NULL,0,NULL,NULL),(1510,1000,'沙特阿拉伯','沙烏地阿拉伯','Saudi Arabia',0,0,0,390,1382546968,NULL,NULL,0,NULL,NULL),(1520,1000,'阿曼','阿曼','Oman',0,0,0,380,1382546968,NULL,NULL,0,NULL,NULL),(1530,1000,'格鲁吉亚','格魯吉亞','Georgia',0,0,0,370,1382546968,NULL,NULL,0,NULL,NULL),(1540,1000,'英属印度洋领域','英屬印度洋領域','British Indian Ocean Territory',0,0,0,360,1382546968,NULL,NULL,0,NULL,NULL),(1550,1000,'葛摩伊斯兰联邦共和国(印度洋西部)','葛摩伊斯蘭聯邦共和國(印度洋西部)','Comoros',0,0,0,350,1382546968,NULL,NULL,0,NULL,NULL),(1560,1000,'科威特','科威特','Kuwait',0,0,0,340,1382546968,NULL,NULL,0,NULL,NULL),(2000,0,'欧洲','歐洲','Europe',0,0,0,9,1382196044,NULL,NULL,0,NULL,NULL),(2110,2000,'英国（联合王国）','英國','United Kingdom',0,0,0,790,1382546968,NULL,NULL,0,NULL,NULL),(2120,2000,'英国（大不列颠）','英國','United Kingdom',0,0,0,780,1382546968,NULL,NULL,0,NULL,NULL),(2130,2000,'爱尔兰','愛爾蘭','Ireland',0,0,0,770,1382546968,NULL,NULL,0,NULL,NULL),(2140,2000,'法国','法國','France',0,0,0,760,1382546968,NULL,NULL,0,NULL,NULL),(2150,2000,'法国，大都市的','法國，大都市的','France, Metropolitan',0,0,0,750,1382546968,NULL,NULL,0,NULL,NULL),(2160,2000,'法国的玻里尼西亚','法國的玻里尼西亞','French Polynesia',0,0,0,740,1382546968,NULL,NULL,0,NULL,NULL),(2170,2000,'*法国的南方的领域','*法國的南方的領域','French Southern Territories',0,0,0,730,1382546968,NULL,NULL,0,NULL,NULL),(2180,2000,'德国','德國','Germany',0,0,0,720,1382546968,NULL,NULL,0,NULL,NULL),(2190,2000,'荷兰','荷蘭','Netherlands',0,0,0,710,1382546968,NULL,NULL,0,NULL,NULL),(2200,2000,'挪威','挪威','Norway',0,0,0,700,1382546968,NULL,NULL,0,NULL,NULL),(2210,2000,'瑞典','瑞典','Sweden',0,0,0,690,1382546968,NULL,NULL,0,NULL,NULL),(2220,2000,'瑞士(中欧)','瑞士(中歐)','Switzerland',0,0,0,680,1382546968,NULL,NULL,0,NULL,NULL),(2230,2000,'丹麦(西北欧)','丹麥(西北歐)','Denmark',0,0,0,670,1382546968,NULL,NULL,0,NULL,NULL),(2240,2000,'芬兰(东北欧)','芬蘭(東北歐)','Finland',0,0,0,660,1382546968,NULL,NULL,0,NULL,NULL),(2250,2000,'俄罗斯','俄羅斯','Russian Federation',0,0,0,650,1382546968,NULL,NULL,0,NULL,NULL),(2260,2000,'意大利','義大利','Italy',0,0,0,640,1382546968,NULL,NULL,0,NULL,NULL),(2270,2000,'西班牙','西班牙','Spain',0,0,0,630,1382546968,NULL,NULL,0,NULL,NULL),(2280,2000,'安道尔','安道爾','Andorra',0,0,0,620,1382546968,NULL,NULL,0,NULL,NULL),(2290,2000,'阿尔巴尼亚','阿爾巴尼亞','Albania',0,0,0,610,1382546968,NULL,NULL,0,NULL,NULL),(2300,2000,'葡萄牙','葡萄牙','Portugal',0,0,0,600,1382546968,NULL,NULL,0,NULL,NULL),(2310,2000,'希腊','希臘','Greece',0,0,0,590,1382546968,NULL,NULL,0,NULL,NULL),(2320,2000,'梵蒂冈','梵蒂岡','Vatican City State (Holy See)',0,0,0,580,1382546968,NULL,NULL,0,NULL,NULL),(2330,2000,'直布罗陀海峡','直布羅陀海峽','Gibraltar',0,0,0,570,1382546968,NULL,NULL,0,NULL,NULL),(2340,2000,'奥地利(中欧)','奧地利(中歐)','Austria',0,0,0,560,1382546968,NULL,NULL,0,NULL,NULL),(2350,2000,'波斯尼亚','波斯尼亞','Bosnia And Herzegowina',0,0,0,550,1382546968,NULL,NULL,0,NULL,NULL),(2360,2000,'比利时','比利時','Belgium',0,0,0,540,1382546968,NULL,NULL,0,NULL,NULL),(2370,2000,'保加利亚(东欧)','保加利亞(東歐)','Bulgaria',0,0,0,530,1382546968,NULL,NULL,0,NULL,NULL),(2380,2000,'捷克(中欧)','捷克(中歐)','Czech Republic',0,0,0,520,1382546968,NULL,NULL,0,NULL,NULL),(2390,2000,'南斯拉夫','南斯拉夫','Yugoslavia',0,0,0,510,1382546968,NULL,NULL,0,NULL,NULL),(2400,2000,'爱沙尼亚(波罗的海)','愛沙尼亞(波羅的海)','Estonia',0,0,0,500,1382546968,NULL,NULL,0,NULL,NULL),(2410,2000,'司瓦尔巴特群岛及扬马延岛','冷岸和央麥恩島','Svalbard And Jan Mayen Islands',0,0,0,490,1382546968,NULL,NULL,0,NULL,NULL),(2420,2000,'乌克兰','烏克蘭','Ukraine',0,0,0,480,1382546968,NULL,NULL,0,NULL,NULL),(2430,2000,'波兰','波蘭','Poland',0,0,0,470,1382546968,NULL,NULL,0,NULL,NULL),(2440,2000,'匈牙利','匈牙利','Hungary',0,0,0,460,1382546968,NULL,NULL,0,NULL,NULL),(2450,2000,'冰岛','冰島','Iceland',0,0,0,450,1382546968,NULL,NULL,0,NULL,NULL),(2460,2000,'马其顿','馬其頓','M acedonia The Former Yugoslav Rep Of',0,0,0,440,1382546968,NULL,NULL,0,NULL,NULL),(2470,2000,'立陶宛','立陶宛','Lithuania',0,0,0,430,1382546968,NULL,NULL,0,NULL,NULL),(2480,2000,'格陵兰(北大西洋)','格陵蘭(北大西洋)','Greenland',0,0,0,420,1382546968,NULL,NULL,0,NULL,NULL),(2490,2000,'卢森堡','盧森堡','Luxembourg',0,0,0,410,1382546968,NULL,NULL,0,NULL,NULL),(2500,2000,'摩纳哥','摩納哥','Monaco',0,0,0,400,1382546968,NULL,NULL,0,NULL,NULL),(2510,2000,'罗马尼亚','羅馬尼亞','Romania',0,0,0,390,1382546968,NULL,NULL,0,NULL,NULL),(2520,2000,'圣马利诺','聖馬利諾','San Marino',0,0,0,380,1382546968,NULL,NULL,0,NULL,NULL),(2530,2000,'斯洛伐克','斯洛法克人共和國','Slovakia (Slovak Republic)',0,0,0,370,1382546968,NULL,NULL,0,NULL,NULL),(2540,2000,'斯洛法尼亚','斯洛法尼亞','Slovenia',0,0,0,360,1382546968,NULL,NULL,0,NULL,NULL),(2550,2000,'白俄罗斯','柏勞斯','Belarus',0,0,0,350,1382546968,NULL,NULL,0,NULL,NULL),(2560,2000,'克罗埃西亚','克羅埃西亞','CROATIA (Local Name: Hrvatska)',0,0,0,340,1382546968,NULL,NULL,0,NULL,NULL),(2570,2000,'列支敦斯登','列支敦斯登','Liechtenstein',0,0,0,330,1382546968,NULL,NULL,0,NULL,NULL),(2580,2000,'拉脱维亚','拉脫維亞','Latvia',0,0,0,320,1382546968,NULL,NULL,0,NULL,NULL),(2590,2000,'马耳他','馬爾他','Malta',0,0,0,310,1382546968,NULL,NULL,0,NULL,NULL),(3000,0,'北美洲','北美洲','North America',0,0,0,8,1382196064,NULL,NULL,0,NULL,NULL),(3110,3000,'美国','美國','United States',0,0,0,790,1382546968,NULL,NULL,0,NULL,NULL),(3120,3000,'安提瓜及巴尔布达(加勒比海)','安提瓜及巴爾布達(加勒比海)','Antigua And Barbuda',0,0,0,780,1382546968,NULL,NULL,0,NULL,NULL),(3130,3000,'安圭拉岛','安圭拉島','Anguilla',0,0,0,770,1382546968,NULL,NULL,0,NULL,NULL),(3140,3000,'安的列斯（荷）','安的列斯（荷）','Netherlands Antilles',0,0,0,760,1382546968,NULL,NULL,0,NULL,NULL),(3150,3000,'阿鲁巴岛','亞魯伯','Aruba',0,0,0,750,1382546968,NULL,NULL,0,NULL,NULL),(3160,3000,'巴贝多(加勒比海)','巴貝多(加勒比海)','Barbados',0,0,0,740,1382546968,NULL,NULL,0,NULL,NULL),(3170,3000,'加拿大','加拿大','Canada',0,0,0,730,1382546968,NULL,NULL,0,NULL,NULL),(3180,3000,'哥斯达黎加(中美洲)','哥斯大黎加(中美洲)','Costa Rica',0,0,0,720,1382546968,NULL,NULL,0,NULL,NULL),(3190,3000,'巴拿马','巴拿馬','Panama',0,0,0,710,1382546968,NULL,NULL,0,NULL,NULL),(3200,3000,'英属维尔京群岛','英屬維爾京群島','Virgin Islands (British)',0,0,0,700,1382546968,NULL,NULL,0,NULL,NULL),(3210,3000,'美属维尔京群岛','美屬維爾京群島','Virgin Islands (U.S.)',0,0,0,690,1382546968,NULL,NULL,0,NULL,NULL),(3220,3000,'海地','海地','Haiti',0,0,0,680,1382546968,NULL,NULL,0,NULL,NULL),(3230,3000,'危地马拉','瓜地馬拉','Guatemala',0,0,0,670,1382546968,NULL,NULL,0,NULL,NULL),(3240,3000,'牙买加','牙買加','Jamaica',0,0,0,660,1382546968,NULL,NULL,0,NULL,NULL),(3250,3000,'几内亚比','幾內亞比索','Guinea-Bissau',0,0,0,650,1382546968,NULL,NULL,0,NULL,NULL),(3260,3000,'巴哈马群岛','巴哈馬群島','Bahamas',0,0,0,640,1382546968,NULL,NULL,0,NULL,NULL),(3270,3000,'土克斯和开卡斯群岛','土克斯和開卡斯群島','Turks And Caicos Islands',0,0,0,630,1382546968,NULL,NULL,0,NULL,NULL),(3280,3000,'伯利兹(加勒比海)','貝里斯(加勒比海)','Belize',0,0,0,620,1382546968,NULL,NULL,0,NULL,NULL),(3290,3000,'多米尼克(加勒比海)','多明尼克島(加勒比海)','Dominica',0,0,0,610,1382546968,NULL,NULL,0,NULL,NULL),(3300,3000,'尼加拉瓜','尼加拉瓜','Nicaragua',0,0,0,600,1382546968,NULL,NULL,0,NULL,NULL),(3310,3000,'瓜德罗普（法属）','瓜達康納爾島','Guadeloupe',0,0,0,590,1382546968,NULL,NULL,0,NULL,NULL),(3320,3000,'盖亚那','蓋亞那','Guyana',0,0,0,580,1382546968,NULL,NULL,0,NULL,NULL),(3330,3000,'洪都拉斯','宏都拉斯','Honduras',0,0,0,570,1382546968,NULL,NULL,0,NULL,NULL),(3340,3000,'开曼群岛','開曼群島','Cayman Islands',0,0,0,560,1382546968,NULL,NULL,0,NULL,NULL),(3350,3000,'圣路其亚','聖路其亞','Saint Lucia',0,0,0,550,1382546968,NULL,NULL,0,NULL,NULL),(3360,3000,'马提尼克','聖馬丁節','Martinique',0,0,0,540,1382546968,NULL,NULL,0,NULL,NULL),(3370,3000,'蒙塞拉特岛','蒙特色納島','Montserrat',0,0,0,530,1382546968,NULL,NULL,0,NULL,NULL),(4000,0,'拉丁美洲','拉丁美洲','South America',0,0,0,7,1382196084,NULL,NULL,0,NULL,NULL),(4110,4000,'阿根廷','阿根廷','Argentina',0,0,0,790,1382546968,NULL,NULL,0,NULL,NULL),(4120,4000,'玻利维亚(南美洲)','玻利維亞(南美洲)','Bolivia',0,0,0,780,1382546968,NULL,NULL,0,NULL,NULL),(4130,4000,'巴西(南美)','巴西(南美)','Brazil',0,0,0,770,1382546968,NULL,NULL,0,NULL,NULL),(4140,4000,'哥伦比亚','哥倫比亞','Colombia',0,0,0,760,1382546968,NULL,NULL,0,NULL,NULL),(4150,4000,'古巴(加勒比海)','古巴(加勒比海)','Cuba',0,0,0,750,1382546968,NULL,NULL,0,NULL,NULL),(4160,4000,'智利(南美洲西南部)','智利(南美洲西南部)','Chile',0,0,0,740,1382546968,NULL,NULL,0,NULL,NULL),(4170,4000,'秘鲁','秘魯','Peru',0,0,0,730,1382546968,NULL,NULL,0,NULL,NULL),(4180,4000,'墨西哥','墨西哥','Mexico',0,0,0,720,1382546968,NULL,NULL,0,NULL,NULL),(4190,4000,'乌拉圭','烏拉圭','Uruguay',0,0,0,710,1382546968,NULL,NULL,0,NULL,NULL),(4200,4000,'厄瓜多尔(南美洲西北部)','厄瓜多爾(南美洲西北部)','Ecuador',0,0,0,700,1382546968,NULL,NULL,0,NULL,NULL),(4210,4000,'委内瑞拉(南美洲北部)','委內瑞拉(南美洲北部)','Venezuela',0,0,0,690,1382546968,NULL,NULL,0,NULL,NULL),(4220,4000,'法属圭亚那(南美洲东北部)','法屬圭亞那(南美洲東北部)','French Guiana',0,0,0,680,1382546968,NULL,NULL,0,NULL,NULL),(4230,4000,'萨尔瓦多(中南美洲)','薩爾瓦多(中南美洲)','El Salvador',0,0,0,670,1382546968,NULL,NULL,0,NULL,NULL),(4240,4000,'特立尼达和多巴哥','千理達和托貝哥共和國','Trinidad And Tobago',0,0,0,660,1382546968,NULL,NULL,0,NULL,NULL),(4250,4000,'波多黎各','波多黎各','Puerto Rico',0,0,0,650,1382546968,NULL,NULL,0,NULL,NULL),(4260,4000,'多米尼加(加勒比海)','多明尼加(加勒比海)','Dominican Republic',0,0,0,640,1382546968,NULL,NULL,0,NULL,NULL),(4270,4000,'福克兰群岛','福克蘭群島','Falkland Islands(Malvinas)',0,0,0,630,1382546968,NULL,NULL,0,NULL,NULL),(4280,4000,'格林纳达(西印度群岛东南部)','格瑞那達(西印度群島東南部)','Grenada',0,0,0,620,1382546968,NULL,NULL,0,NULL,NULL),(5000,0,'大洋洲','大洋洲','Oceania',0,0,0,6,1382196124,NULL,NULL,0,NULL,NULL),(5110,5000,'澳大利亚','澳大利亞','Australia',0,0,0,790,1382546968,NULL,NULL,0,NULL,NULL),(5120,5000,'东萨摩亚','美屬薩摩亞','American Samoa',0,0,0,780,1382546968,NULL,NULL,0,NULL,NULL),(5130,5000,'百慕达群岛(大西洋西部)','百慕達群島(大西洋西部)','Bermuda',0,0,0,770,1382546968,NULL,NULL,0,NULL,NULL),(5140,5000,'萨摩亚群岛','薩摩亞群島','Samoa',0,0,0,760,1382546968,NULL,NULL,0,NULL,NULL),(5150,5000,'沃利斯和富图纳群岛','沃利斯和富圖納群島','Wallis And Futuna Islands',0,0,0,750,1382546968,NULL,NULL,0,NULL,NULL),(5160,5000,'梵尼瓦土;万那杜(南太平洋)','梵尼瓦土;萬那杜(南太平洋)','Vanuatu',0,0,0,740,1382546968,NULL,NULL,0,NULL,NULL),(5170,5000,'关岛','關島','Guam',0,0,0,730,1382546968,NULL,NULL,0,NULL,NULL),(5180,5000,'新西兰','新西蘭','New Zealand',0,0,0,720,1382546968,NULL,NULL,0,NULL,NULL),(5190,5000,'托克劳群岛','托客勞群島','Tokelau',0,0,0,710,1382546968,NULL,NULL,0,NULL,NULL),(5200,5000,'巴拉圭','巴拉圭','Paraguay',0,0,0,700,1382546968,NULL,NULL,0,NULL,NULL),(5210,5000,'美国本土外小岛屿','聯合的狀況微小的在外的島嶼','United States Minor Outlying Islands',0,0,0,690,1382546968,NULL,NULL,0,NULL,NULL),(5220,5000,'图瓦鲁(西南太平洋)','吐瓦魯(西南太平洋)','Tuvalu',0,0,0,680,1382546968,NULL,NULL,0,NULL,NULL),(5230,5000,'汤加王国(西南太平洋)','東加王國(西南太平洋)','Tonga',0,0,0,670,1382546968,NULL,NULL,0,NULL,NULL),(5240,5000,'所罗门群岛','所羅門群島','Solomon Islands',0,0,0,660,1382546968,NULL,NULL,0,NULL,NULL),(5250,5000,'帕劳','帛琉','Palau',0,0,0,650,1382546968,NULL,NULL,0,NULL,NULL),(5260,5000,'巴布亚新几内亚','巴布亞新幾內亞','Papua New Guinea',0,0,0,640,1382546968,NULL,NULL,0,NULL,NULL),(5270,5000,'科科斯（基林）群岛','可可斯群島(椰子島)','Cocos (Keeling) Islands',0,0,0,630,1382546968,NULL,NULL,0,NULL,NULL),(5280,5000,'库克群岛','科克群島','Cook Islands',0,0,0,620,1382546968,NULL,NULL,0,NULL,NULL),(5290,5000,'瑙鲁','諾魯','Nauru',0,0,0,610,1382546968,NULL,NULL,0,NULL,NULL),(5300,5000,'纽埃','尼烏亞島','Niue',0,0,0,600,1382546968,NULL,NULL,0,NULL,NULL),(5310,5000,'诺福克岛屿','諾福克島嶼','Norfolk Island',0,0,0,590,1382546968,NULL,NULL,0,NULL,NULL),(5320,5000,'裴济(西南太平洋)','裴濟(西南太平洋)','Fiji',0,0,0,580,1382546968,NULL,NULL,0,NULL,NULL),(5330,5000,'密克罗尼西亚(太平洋西部)','密克羅尼西亞(太平洋西部)','Micronesia, Federated States Of',0,0,0,570,1382546968,NULL,NULL,0,NULL,NULL),(5340,5000,'吉里巴斯','吉里巴斯','Kiribati',0,0,0,560,1382546968,NULL,NULL,0,NULL,NULL),(5350,5000,'马绍尔群岛','馬紹爾群島','Marshall Islands',0,0,0,550,1382546968,NULL,NULL,0,NULL,NULL),(5360,5000,'北马里亚纳群岛','馬里亞納群島','Northern Mariana Islands',0,0,0,540,1382546968,NULL,NULL,0,NULL,NULL),(5370,5000,'新喀里多尼亚','新喀里多尼亚','New Caledonia',0,0,0,530,1382546968,NULL,NULL,0,NULL,NULL),(6000,0,'非洲','非洲','Africa',0,0,0,5,1382197024,NULL,NULL,0,NULL,NULL),(6110,6000,'埃及','埃及','Egypt',0,0,0,790,1382546968,NULL,NULL,0,NULL,NULL),(6120,6000,'突尼西亚(北非)','突尼西亞(北非)','Tunisia',0,0,0,780,1382546968,NULL,NULL,0,NULL,NULL),(6130,6000,'南非','南非','South Africa',0,0,0,770,1382546968,NULL,NULL,0,NULL,NULL),(6140,6000,'赞比亚','尚比亞','Zambia',0,0,0,760,1382546968,NULL,NULL,0,NULL,NULL),(6150,6000,'扎伊尔','扎伊爾','Zaire',0,0,0,750,1382546968,NULL,NULL,0,NULL,NULL),(6160,6000,'安哥拉','安哥拉','Angola',0,0,0,740,1382546968,NULL,NULL,0,NULL,NULL),(6170,6000,'布基纳法索(南非)','布吉納法索(南非)','Burkina Faso',0,0,0,730,1382546968,NULL,NULL,0,NULL,NULL),(6180,6000,'蒲隆地(中非)','蒲隆地(中非)','Burundi',0,0,0,720,1382546968,NULL,NULL,0,NULL,NULL),(6190,6000,'贝南(西非)','貝南(西非)','Benin',0,0,0,710,1382546968,NULL,NULL,0,NULL,NULL),(6200,6000,'波札那(南非)','波札那(南非)','Botswana',0,0,0,700,1382546968,NULL,NULL,0,NULL,NULL),(6210,6000,'吉布地(东非)','吉布地(東非)','Djibouti',0,0,0,690,1382546968,NULL,NULL,0,NULL,NULL),(6220,6000,'喀麦隆(西非)','喀麥隆(西非)','Cameroon',0,0,0,680,1382546968,NULL,NULL,0,NULL,NULL),(6230,6000,'中非共和国','中非共和國','Central African Republic',0,0,0,670,1382546968,NULL,NULL,0,NULL,NULL),(6240,6000,'刚果民主共和国','剛果民主共和國','Congo',0,0,0,660,1382546968,NULL,NULL,0,NULL,NULL),(6250,6000,'土哥(西非)','土哥(西非)','Togo',0,0,0,650,1382546968,NULL,NULL,0,NULL,NULL),(6260,6000,'津巴布韦(南非)','辛巴威(南非)','Zimbabwe',0,0,0,640,1382546968,NULL,NULL,0,NULL,NULL),(6270,6000,'加彭(中非西部)','加彭(中非西部)','Gabon',0,0,0,630,1382546968,NULL,NULL,0,NULL,NULL),(6280,6000,'几内亚(西非)','幾內亞(西非)','Guinea',0,0,0,620,1382546968,NULL,NULL,0,NULL,NULL),(6290,6000,'赤道几内亚(西非)','赤道幾內亞(西非)','Equatorial Guinea',0,0,0,610,1382546968,NULL,NULL,0,NULL,NULL),(6300,6000,'梅约特','梅約特','Mayotte',0,0,0,600,1382546968,NULL,NULL,0,NULL,NULL),(6310,6000,'阿尔及利亚','阿爾及利亞','Algeria',0,0,0,590,1382546968,NULL,NULL,0,NULL,NULL),(6320,6000,'country_code_gs','country_code_gs','S. Georgia And The S. Sandwich Islands',0,0,0,580,1382546968,NULL,NULL,0,NULL,NULL),(6330,6000,'乌干达','烏干達','Uganda',0,0,0,570,1382546968,NULL,NULL,0,NULL,NULL),(6340,6000,'厄立特里亚(东北非)','厄立特里亞(東北非)','Eritrea',0,0,0,560,1382546968,NULL,NULL,0,NULL,NULL),(6350,6000,'查德(中北非)','查德(中北非)','Chad',0,0,0,550,1382546968,NULL,NULL,0,NULL,NULL),(6360,6000,'迦纳(西非)','迦納(西非)','Ghana',0,0,0,540,1382546968,NULL,NULL,0,NULL,NULL),(6370,6000,'利比亚','利比亞','Libyan Arab Jamahiriya',0,0,0,530,1382546968,NULL,NULL,0,NULL,NULL),(6380,6000,'摩洛哥','摩洛哥','Morocco',0,0,0,520,1382546968,NULL,NULL,0,NULL,NULL),(6390,6000,'坦桑尼亚','坦尚尼亞','Tanzania United Republic Of',0,0,0,510,1382546968,NULL,NULL,0,NULL,NULL),(6400,6000,'斯威士兰','史瓦濟蘭','Swaziland',0,0,0,500,1382546968,NULL,NULL,0,NULL,NULL),(6410,6000,'苏里南','蘇利南','Suriname',0,0,0,490,1382546968,NULL,NULL,0,NULL,NULL),(6420,6000,'索马利亚','索馬利亞','Somalia',0,0,0,480,1382546968,NULL,NULL,0,NULL,NULL),(6430,6000,'塞内加尔','塞內加爾','Senegal',0,0,0,470,1382546968,NULL,NULL,0,NULL,NULL),(6440,6000,'塞拉利昂','獅子山','Sierra Leone',0,0,0,460,1382546968,NULL,NULL,0,NULL,NULL),(6450,6000,'塞舌尔','賽席爾群島','Seychelles',0,0,0,450,1382546968,NULL,NULL,0,NULL,NULL),(6460,6000,'卢旺达','盧安達','Rwanda',0,0,0,440,1382546968,NULL,NULL,0,NULL,NULL),(6470,6000,'圣赫勒拿岛','聖赫勒拿島','St. Helena St．Helena',0,0,0,430,1382546968,NULL,NULL,0,NULL,NULL),(6480,6000,'留尼汪','留尼旺島','Reunion',0,0,0,420,1382546968,NULL,NULL,0,NULL,NULL),(6490,6000,'卡达','卡達','Qatar',0,0,0,410,1382546968,NULL,NULL,0,NULL,NULL),(6500,6000,'维德角(大西洋东部)','維德角(大西洋東部)','Cape Verde',0,0,0,400,1382546968,NULL,NULL,0,NULL,NULL),(6510,6000,'圣诞岛屿','聖誕島嶼','Christmas Island',0,0,0,390,1382546968,NULL,NULL,0,NULL,NULL),(6520,6000,'西撒哈拉','西撒哈拉沙漠','Western Sahara',0,0,0,380,1382546968,NULL,NULL,0,NULL,NULL),(6530,6000,'尼日利亚','奈及利亞','Nigeria',0,0,0,370,1382546968,NULL,NULL,0,NULL,NULL),(6540,6000,'埃塞俄比亚','衣索比亞','Ethiopia',0,0,0,360,1382546968,NULL,NULL,0,NULL,NULL),(6550,6000,'冈比亚','甘比亞','Gambia',0,0,0,350,1382546968,NULL,NULL,0,NULL,NULL),(6560,6000,'利比里亚','賴比瑞亞','Liberia',0,0,0,340,1382546968,NULL,NULL,0,NULL,NULL),(6570,6000,'肯尼亚','肯亞','Kenya',0,0,0,330,1382546968,NULL,NULL,0,NULL,NULL),(6580,6000,'莱索托','賴索托','Lesotho',0,0,0,320,1382546968,NULL,NULL,0,NULL,NULL),(6590,6000,'马达加斯加','馬達加斯加','Madagascar',0,0,0,310,1382546968,NULL,NULL,0,NULL,NULL),(6600,6000,'马里共和国','馬利','Mali',0,0,0,300,1382546968,NULL,NULL,0,NULL,NULL),(6610,6000,'毛里塔尼亚','茅利塔尼亞','Mauritania',0,0,0,290,1382546968,NULL,NULL,0,NULL,NULL),(6620,6000,'毛里求斯','模里西斯','Mauritius',0,0,0,280,1382546968,NULL,NULL,0,NULL,NULL),(6630,6000,'马尔代夫','馬爾地夫','Maldives',0,0,0,270,1382546968,NULL,NULL,0,NULL,NULL),(6640,6000,'马拉维','馬拉威','Malawi',0,0,0,260,1382546968,NULL,NULL,0,NULL,NULL),(6650,6000,'莫桑比克','莫三比克','Mozambique',0,0,0,250,1382546968,NULL,NULL,0,NULL,NULL),(6660,6000,'纳米比亚','納米比亞','Namibia',0,0,0,240,1382546968,NULL,NULL,0,NULL,NULL),(6670,6000,'尼日','尼日','Niger',0,0,0,230,1382546968,NULL,NULL,0,NULL,NULL),(6680,6000,'南极洲','南極洲','Antarctica',0,0,0,790,1382546968,NULL,NULL,0,NULL,NULL),(6690,6000,'布干维尔岛','布干維爾島','Bouvet Island',0,0,0,780,1382546968,NULL,NULL,0,NULL,NULL);

/*Data for the table `tb_website_category` */

insert  into `tb_website_category`(`category_id`,`category_fatherId`,`category_name_zh-cn`,`category_name_zh-tw`,`category_name_en-us`,`category_count_website`,`category_count_click_in`,`category_count_click_out`,`category_order`,`category_insert_time`,`category_update_tme`) values (1000,0,'门户/导航/黄页','門戶/導航/黃頁',NULL,4,0,0,23,1375587654,0),(1100,0,'论坛/社区','論壇/社區',NULL,3,0,1,22,1375587654,0),(1200,0,'社团/宗教','社團/宗教',NULL,0,0,0,10,1375587654,0),(1300,0,'律师/移民/留学','律師/移民/留學',NULL,0,0,0,20,1375587654,0),(1400,0,'报刊/文学/媒体','報刊/文學/媒體',NULL,2,0,0,19,1375587654,0),(1500,0,'餐饮/购物/商家','餐飲/購物/商家',NULL,0,0,0,18,1375587654,0),(1600,0,'财经/保险/地产','財經/保險/地產',NULL,0,0,0,17,1375587654,0),(1700,0,'商业专业服务','商業專業服務',NULL,2,0,0,16,1375587654,0),(1800,0,'交通旅游','交通旅遊',NULL,0,0,0,15,1375587654,0),(1900,0,'教育/外语/求职','教育/外語/求職',NULL,2,0,0,14,1375587654,0),(2000,0,'休闲/娱乐/交友','休閒/娛樂/交友',NULL,1,0,0,13,1375587654,0),(2100,0,'政府及使领馆','政府及使領館',NULL,2,0,0,12,1375587654,0),(2200,0,'个人博客其它','個人博客其他',NULL,1,0,0,9,1375587654,0),(2300,0,'企业贸易B2B','企業貿易B2B',NULL,0,0,0,8,1375587654,0),(2400,0,'协会商会','协会商会',NULL,1,0,0,11,0,0);

/*Data for the table `tb_website_history` */

/*Data for the table `tb_website_intro` */

insert  into `tb_website_intro`(`website_id`,`website_intro`,`website_intro_insert_time`,`website_intro_insert_ip`,`website_intro_update_time`,`website_intro_update_ip`) values (1,'菲律宾南洋天地宫坐落于奎松市，平时有华人华侨诚心祭拜，并有风水服务。风水是通过环境和气场的改变助你一生吉祥好运。\r\n预测不是坐等事情的发生，而是更好的规划未来。',1396958167,'127.0.0.1',0,NULL),(2,'菲律宾华教中心于1991年5月24日成立，菲律宾华教中心是一个服务于菲律宾全国从事华文教育和汉语教学单位的学术研究和行政协调机构，菲律宾华教中心宗旨是发展菲律宾华社的华文教育和主流社会的汉语教学。作为菲律宾一个专业民间组织，菲律宾华教中心与菲律宾政府机关，如教育部、高等教育委员会、外交部、移民局等，建立比较密切的协作关系，共同为推动菲律宾华社的华文教育和主流社会的汉语教学而积极工作。 \r\n\r\n菲律宾华教中心由“老华人”倡捐，侨中学院董事、校友以及许先生、各旅菲校友会、进步党总部洎各支部、新联公会和热心社会人士等捐资设立基金，开展工作。陈清楠老先生纪念教育基金、李淡先生纪念基金、庄中蔚曾真真教育基金、蔡国明教育基金、施雨良教育基金、蔡建华教育基金、施灿悦教育纪念基金各以100万比索为基金,支持中心。佘明培先生纪念基金会、李国箴许美真伉俪基金会、爱心文教基金会、丁德仁等每年拨款捐献中心，积极支持中心的工作。 \r\n\r\n菲律宾华教中心办公室负责开展各项具体工作，下设资讯部、出版部、师资部、交流部、考试部等专业功能的部门，由专人负责其业务。1992年4月20日，成立正式立案的全国性华语教师组织——菲律宾华语教师协会，作为附属机构，开展有关华语教师业务、福利、联谊的工作和活动。2003年10月底起，成立四个正式立案的地区性华文教育组织——大马尼拉华教协会、吕宋华教协会、米沙鄢华教协会、棉兰老华教协会，覆盖全菲律宾，会员学校共114所。下属的四个华教协会，在中心的统一协调下，在本地区推动华语第二语言教学，提高华语教学质量。 \r\n\r\n菲律宾华教中心立足菲律宾，面向世界，与五大洲33个国家和地区的有关单位和人士建立联系，开展各种方式的交流活动。特别是与中国的教育部、文化部、新闻出版总署、汉办、侨办、中国华文教育基金会以及地方教育部门、大专院校、幼儿园，交流密切，合作广泛。2002年12月，在中国北京设立驻北京办事处，负责办理在华的有关事务。 \r\n\r\n菲律宾华教中心扎实的工作，得到社会的普遍肯定和重视。中国大使馆、商总、晋总、和统会、校友联、陈延奎基金会、宿务无名氏（引叔）、爱心文教基金会、李国箴许美真伉俪基金会等长期委托协助办理一系列培训、评选、奖学的活动。',1396964550,'127.0.0.1',0,NULL),(3,'万博娱乐城是菲律宾最大赌场酒店&quot;凯悦赌场&quot;旗下全球知名网络博彩网站。2006年公司获得菲律宾FCLRC颁发体育博彩及互动博彩游戏执照,能从事包括Financial Betting、live casino、proxy betting、sports book等在内的所有互联网博彩项目（FULL LICENSE)。公司所有产品及服务均接受菲律宾卡格扬经济特区（CEZA, Cagayan Special Economic Zone Authority）和第一卡格扬 (FCLRC, First Cagayan leisure and Resort Corporation)的管辖。我们所使用的软件，都经过了TST（Technical Systems Testing）的安全测试，保证软件的任何环节都没有问题，并且派彩公平公正。 \r\n\r\n万博88娱乐城母公司凯悦赌场酒店(Hyatt Hotel and Casino)是马尼拉湾的豪华地标,位于马尼拉的商业与购物区,至马卡蒂(Makati)金融商业区约30分钟车程。 马尼拉2005年新落成的凯悦赌场酒店(Hyatt Hotel and Casino)颇受瞩目，富丽堂皇，尤其是内部的赌场﹐各国游客都趋之若骛。而内部的赌场，号称是境内饭店赌场规模最大者，123张赌桌以及30种、626架游戏机。 \r\n\r\n万博88娱乐城凭借&quot;Hyatt Hotel And Casino Manila凯悦赌场&quot;雄厚的资金实力以及高素质的专业人才和优质高效的客户服务以在业界树立良好的企业形象。公司在创新服务，技术开拓、安全维护等方面进行了重点投入，并不断开发新的业务品种、推出多元化的配套服务，打造最优质的在线博彩娱乐互动平台。 \r\n\r\n公司运营总部设于菲律宾卡格扬经济特区（CEZA, Cagayan Special Economic Zone Authority）。目前，设有销售部、技术部、行政人事部、财务部、法律部等部门和产品服务、代理推广两个主营业务部门以及技术开发中心、发展研究中心、网络安全维护中心三个综合部门。',1396964550,'127.0.0.1',0,NULL),(4,'菲龙网建于2013年7月15，菲龙网是目前管理得最完善的菲律宾华人论坛，菲龙网的目标是成为菲律宾最具影响力的华文媒体。 \r\n\r\n菲龙网的内容板块有本地新闻、时事评论、财经新闻、华人世界、美食专题、旅游专题、娱乐场所、爱车一族、亲子乐园、电子科技、时尚潮流、体育交流、新手报到、会员照片、菲华好歌声、情感日志、摄影爱好、语言交流、商品买卖、房屋交易、生活服务、招聘求职等。',1396964551,'127.0.0.1',0,NULL),(5,'菲律宾商报是菲律宾歷史最悠久的华文报刊，创刊於1919年。\r\n菲律宾商报提供菲律宾华人社会及国内外新闻及评论，為菲律宾较有权威性华文报刊。网站的内容板块有菲国、华人、国际、经济、投资、中国、侨务、留学、旅游等。',1396965491,'127.0.0.1',0,NULL),(6,'菲律宾免费的商信息收发平台,菲律宾最专业的中国商品集散地\r\n打造菲律宾最专业的电子商务市场，为在菲经商的商家提供一个免费的商业信息交流平台，我们提供了一个先进的网络展厅，可有效的减轻商家的库存压力，减少商家的推销成本。\r\n网站还为在菲居住的华人提供了一个便捷的社区生活交流平台',1396965491,'127.0.0.1',0,NULL),(7,'菲华网是服务于菲律宾华人的中文网站。菲华网的内容板块有菲律宾新闻、财经新闻、华人世界、家园、写日记、发心情、传相册、分享瞬间、房产、交友、菲律宾留学、菲律宾旅游等。',1396965493,'127.0.0.1',0,NULL),(8,'菲华商联总会是由一群关心社会公益事业的商界领袖，於一九五四年创立，目前本会已经发展成為本国主要商业团体之一。 \r\n\r\n菲华商联总会除了向其会员单位的需要提供服务之外，也在促进本国经济和社会发展方面，起着巨大作用。 \r\n\r\n本会的各项主张和方案，均反映在政府的经济政策上。我们从事各种民事工作，支援各项人道主义事业，参与各项文化活动，并以各种方式援助菲青少年教育事业。我们继续促进菲华社会的和谐团结。今天，本会在全国各地已经拥有一百七十个会员单位，每一个会员单位均从事各项响应社会需求的方案和活动。我们与社会各领域一起合作，共同实现国家进步和全民富足。 \r\n\r\n亚谨诺总统阁下在本会第廿八次全菲代表大会上，表彰本会為本国工商业和国家发展的支柱，同时期盼本会能够继续成為建设一个更加理想国家的支柱。中华人民共和国驻菲特命全权大使刘建超阁下在代大致词中同样讚扬本会為发展菲华社会的支柱，為促进菲中友谊的支柱。 \r\n\r\n菲华商联总会能获菲中两政府的信任，激励我们為国家社会做更多事，坚持不懈地推行我们的各项方案，為国家建设作出贡献。我们愿与政府当局及社会各界携手合作，加强实现国家繁荣昌盛的伙伴关係。',1396965494,'127.0.0.1',0,NULL),(9,'中华人民共和国驻菲律宾共和国大使馆致力于推动中菲关系健康、平稳发展，致力于增进两国人民的相互了解和交流合作，致力于为海外华侨、华人、中资机构和留学生提供便捷、高效的领事服务。 \r\n\r\n中国驻菲律宾共和国大使馆地址: \r\n\r\n1235 Acacia Street, \r\nDasmarinas Village, \r\nMakati City, \r\nMetro Manila, \r\nRepublic of the Philippines ( Front Gate). \r\n\r\n4896 Pasay Road, \r\nDasmarinas Village, \r\nMakati City, \r\nMetro Manila, \r\nRepublic of the Philippines (Rear Gate). \r\n\r\n总机 0063-2-8443148，接线员分机101',1396965494,'127.0.0.1',0,NULL),(10,'中华人民共和国驻拉瓦格领事馆是继中国驻菲律宾大使馆和驻宿务总领事馆后，中国在菲设立的第三处政府代表机构。领区包括菲律宾第一地区、第二地区和科迪勒拉行政区，共计15个省，面积近6万平方公里。 \r\n\r\n　　近年来，随着中菲两国关系的不断发展，拉瓦格领区和中国国内相关省市在经贸、人员和文化等领域的交流与合作不断扩大。我们愿借助网络这一平台，及时向您介绍中国，帮助您了解中菲关系、领馆信息、申办中国签证须知及领事保护和服务指南等。',1396965494,'127.0.0.1',0,NULL),(11,'澳门贝尔教师校园为世界各地教师提供专业发展、语言文化交流的独特机会，自从2009年以来,全球共有2,500多名教师受益于该项目在英国剑桥校园举行的教师培训活动。 \r\n\r\n如今，被公认为澳门本土及东南亚地区优质英语教育培训中心的澳门理工学院理工-贝尔英语中心与贝尔教育服务携手合作，把该项目介绍到澳门来，将在2013年7月于澳门理工学院举行第一届（澳门）贝尔教师校园，该项目为一或两个星期的住宿式教师培训活动。 \r\n\r\n（澳门）贝尔教师校园将提供一系列涵盖教师专业培训的课程，内容丰富多彩，每个上午有三小时的选修课程，下午有专业工作坊，晚上还有澳门文化考察活动。课程设置精彩独特，与其说是教师的专业培训课程，倒不如说是生动有趣的课程研讨会；课程集先进专业教学知识、创意活动教学以及多姿多彩的课外活动于一体。 \r\n\r\n老师们，欢迎您们一起加入（澳门）贝尔教师校园，参与这独一无二的培训活动，见识那与别不同的神奇澳门，留下您们终生难忘的珍贵记忆！',1396967175,'127.0.0.1',0,NULL),(12,'千岛日报创刊于2000年10月10日。其办报的宗旨是：争取和维护华人正当权益，促进各族和谐共处，共创国家社会的繁荣。报纸刊头上以“千岛安祥，人民幸福”八字涵盖此宗旨。 \r\n\r\n自2008年5月份起，《千岛日报》周一至周六每天出版四大张（间或增版），共16版：第一版：国际、国内重大新闻；第二版：国内次要新闻：第三版：泗水与地区新闻版；第四版：华社动态版；第五版：经济新闻；第六版：医药保健；第七版：副刊版；第八版：文娱、体育版。 \r\n\r\n此外，“两岸四地”、“台湾信息”、“国际新闻”，以及广东老报人每月为我报编纂《中华文化》、《天南地北》、《家庭彩色版》、《童心》各两版；中国新闻社也按期为《千岛日报》代编“天下华人”、“健康养生”、“中国影片”、“新闻追踪”、“古今轶事”、“两岸焦点”、“华文园地”等，广东海外交流协会每月为我报编纂一期“侨乡广东”，这些都按期安排在第9至16版栏目内。 \r\n\r\n《千岛日报》销行印尼全国，以印尼东部地区为主，并有寄至港、澳、中国大陆等地。服务对象是广大印尼华人读者。为目前印尼国内销行量较多、销行地区较广泛、影响面较大的华文报刊之一。香港凤凰台杨锦麟先生主持的《有报天天读》栏目，不时介绍《千岛日报》重大新闻标题和主笔莫非、南山仔的“时评”撰文，足见《千岛日报》的分量。',1396968561,'127.0.0.1',0,NULL),(13,'印尼华人论坛是面向印度尼西亚华人的一个不牟利的组织\r\n目前印尼华人论坛最大的看客来自中国（中国、香港、台湾和澳门）以及东南亚（印尼、马来西亚和新加坡）。',1396968562,'127.0.0.1',0,NULL),(14,'越南展览网专业业从事操作中国-越南两国之间展览和会议组织与服务、越南市场商务考察、市场调研、投资咨询、贸易促进服务等多项业务于一体。与越南相关政府和贸促机构、会展公司、行业协会、企业界国合作密切；同时也得到了越南工贸部贸促局、越南工商联合会、越南驻华大使馆的大力协助。 \r\n\r\n架设中越企业合作互动的桥梁，成为中国企业进入越南市场最资深的向导。我们在越南首都河内和越南最大商业城市胡志明市设有分支机构，在承办和协办各种越南会展和商务活动等方面具有独到的专业优势。 \r\n\r\n每年在越南操作约40个各类会展和商务活动项目，为中国企业高效、低成本拓展越南市场做出了极大的贡献。 我们常年在越南协办展会和承办各类商务促进活动的部分项目：越南国际贸易博览会、越南国际造船工业及海运展览会、越南国际工业产品展览会、越南国际能源产业博览会、越南国际食品饮料工业博览会、越南水产交易会、越南国际环保技术展览会、越南国际建筑装饰博览会、越南国际农业博览会、越南国际汽车及零配件展览会、中国产品（越南）交易会、中国纺织面料辅料出口越南采购对接会、中国教育器材出口越南采购对接会、中国鞋材出口越南采购对接会、中国-越南水泥行业投资、设备应用及新技术新材料交流推介会、中国进口越南水产品采购会 ……等约40个展览及商务会议项目。',1396968562,'127.0.0.1',0,NULL),(15,'越南中文网提供实时越南新闻、越南旅游攻略、越南新娘动态、越南特产批发、以及打造最好的互动越南论坛。',1396968562,'127.0.0.1',0,NULL),(16,'迪拜中文网 - 迪拜华人互帮网以翻译英文版阿联酋迪拜新闻，迪拜留学，经济贸易，法律法规为主。\r\n阿联酋迪拜华人互帮，商业广告互动交流为辅。',1396968563,'127.0.0.1',0,NULL),(17,'澳门皇家商标服务专营各地商标註册，熟悉各地商标註册及商标查询手续流程。\r\n皇家商标业务团队覆盖中、港、澳、台，凭藉多年经验及团队的优势，重点处理中国商标、香港商标、澳门商标及台湾商标四大地区。為你介绍商标註册流程及申请商标费用。',1396968563,'127.0.0.1',0,NULL),(18,'印度华人论坛旨在为华人提供一个了解中国和印度的社区交流平台，包含印度留学，印度签证，印度旅游，印度外贸，印度生活，印度文化，中印贸易，印度商务，二手买卖，招聘求职等多个栏目板块，力图打造成最专业的印度华人社区。',1396968705,'127.0.0.1',0,NULL);

/*Data for the table `tb_website_keyword` */

insert  into `tb_website_keyword`(`keyword_id`,`keyword_label`,`keyword_count_enter`,`keyword_insert_time`,`keyword_update_time`) values (1,'风水',1,1396966700,1396966700),(2,'菲律宾',12,1396966709,1396970080),(3,'经济贸易',2,1396969297,1396969305),(4,'法律法规',1,1396969304,1396969305),(5,'华人',6,1396969329,1396970051),(6,'华',1,1396969790,1396969790),(7,'商报',2,1396970064,1396970080);

/*Data for the table `tb_website_meta` */

/*Data for the table `tb_website_tag` */

insert  into `tb_website_tag`(`tag_id`,`tag_name`,`tag_count`,`tag_insert_time`,`tag_update_time`) values (1,'菲律宾',4,1396958167,1396965494),(2,'奎松',1,1396958167,1396958167),(3,'南洋天地宫',1,1396958167,1396958167),(4,'风水',1,1396958167,1396958167),(5,'华文教育',1,1396964550,1396964550),(6,'汉语教学',1,1396964550,1396964550),(7,'学术研究',1,1396964550,1396964550),(8,'凯悦赌场',1,1396964550,1396964551),(9,'网络博彩',1,1396964550,1396964551),(10,'体育博彩',1,1396964550,1396964551),(11,'互动博彩',1,1396964550,1396964551),(12,'本地新闻',1,1396964551,1396964552),(13,'时事评论',1,1396964551,1396964552),(14,'财经新闻',2,1396964551,1396965494),(15,'华人世界',2,1396964551,1396965494),(16,'美食专题',1,1396964551,1396964552),(17,'旅游专题',1,1396964551,1396964552),(18,'娱乐场所',1,1396964551,1396964552),(19,'爱车一族',1,1396964551,1396964552),(20,'亲子乐园',1,1396964551,1396964552),(21,'电子科技',1,1396964551,1396964552),(22,'时尚潮流',1,1396964551,1396964552),(23,'体育交流',1,1396964551,1396964552),(24,'新手报到',1,1396964551,1396964552),(25,'会员照片',1,1396964551,1396964552),(26,'菲华好歌声',1,1396964551,1396964552),(27,'情感日志',1,1396964551,1396964552),(28,'摄影爱好',1,1396964551,1396964552),(29,'语言交流',1,1396964551,1396964552),(30,'商品买卖',1,1396964551,1396964552),(31,'房屋交易',1,1396964551,1396964552),(32,'生活服务',1,1396964551,1396964552),(33,'招聘求职',2,1396964551,1396968706),(34,'华人',2,1396965491,1396965493),(35,'国际',1,1396965491,1396965491),(36,'经济',1,1396965491,1396965491),(37,'投资',1,1396965491,1396965491),(38,'中国',3,1396965491,1396967178),(39,'侨务',1,1396965491,1396965491),(40,'留学',2,1396965491,1396965493),(41,'旅游',1,1396965491,1396965491),(42,'贸易',1,1396965491,1396965493),(43,'供求',1,1396965491,1396965493),(44,'求购',1,1396965491,1396965493),(45,'批发',1,1396965491,1396965493),(46,'采购',1,1396965491,1396965493),(47,'市场',1,1396965491,1396965493),(48,'买卖信息',1,1396965491,1396965493),(49,'库存信息',1,1396965491,1396965493),(50,'合作',1,1396965491,1396965493),(51,'商业资讯',1,1396965491,1396965493),(52,'商人社区',1,1396965491,1396965493),(53,'商业交流',1,1396965492,1396965493),(54,'居住',1,1396965492,1396965493),(55,'生活',1,1396965492,1396965493),(56,'社区交流平台',1,1396965492,1396965493),(57,'就业机会',1,1396965492,1396965493),(58,'找工作',1,1396965492,1396965493),(59,'招工',1,1396965492,1396965493),(60,'店面',1,1396965492,1396965493),(61,'房产',2,1396965492,1396965494),(62,'招租',1,1396965492,1396965493),(63,'出售',1,1396965492,1396965493),(64,'网站',1,1396965492,1396965493),(65,'菲律宾新闻',1,1396965493,1396965494),(66,'家园',1,1396965493,1396965494),(67,'写日记',1,1396965493,1396965494),(68,'发心情',1,1396965493,1396965494),(69,'传相册',1,1396965493,1396965494),(70,'分享瞬间',1,1396965493,1396965494),(71,'交友',1,1396965493,1396965494),(72,'菲律宾留学',1,1396965493,1396965494),(73,'菲律宾旅游',1,1396965493,1396965494),(74,'商界领袖',1,1396965494,1396965494),(75,'大使馆',1,1396965494,1396965494),(76,'中菲关系',2,1396965494,1396965495),(77,'拉瓦格',1,1396965494,1396965495),(78,'领事馆',1,1396965494,1396965495),(79,'领馆信息',1,1396965494,1396965495),(80,'申办中国签证须知',1,1396965494,1396965495),(81,'领事保护和服务指南',1,1396965494,1396965495),(82,'bell',1,1396967175,1396967178),(83,'teacher',1,1396967175,1396967178),(84,'campus',1,1396967175,1396967178),(85,'(macao)',1,1396967175,1396967178),(86,'teacher-training',1,1396967175,1396967178),(87,'teachers',1,1396967175,1396967178),(88,'of',1,1396967175,1396967178),(89,'english',1,1396967175,1396967178),(90,'esl',1,1396967175,1396967178),(91,'macao',1,1396967175,1396967178),(92,'china',1,1396967175,1396967178),(93,'asia',1,1396967176,1396967178),(94,'language',1,1396967176,1396967178),(95,'learning',1,1396967176,1396967178),(96,'teaching',1,1396967176,1396967178),(97,'knowledge',1,1396967176,1396967178),(98,'test',1,1396967176,1396967178),(99,'(tkt)',1,1396967176,1396967178),(100,'methodology',1,1396967176,1396967178),(101,'primary',1,1396967176,1396967178),(102,'school',1,1396967176,1396967178),(103,'secondary',1,1396967176,1396967178),(104,'university',1,1396967176,1396967178),(105,'mpi-bell',1,1396967176,1396967178),(106,'centre',1,1396967176,1396967178),(107,'polytechnic',1,1396967176,1396967178),(108,'institute',1,1396967176,1396967178),(109,'貝爾教師校園(澳門)',1,1396967176,1396967178),(110,'教師培訓',1,1396967176,1396967178),(111,'英語教師',1,1396967176,1396967178),(112,'esl教師',1,1396967176,1396967178),(113,'澳門',1,1396967176,1396967178),(114,'中國',1,1396967176,1396967178),(115,'亞洲',1,1396967176,1396967178),(116,'英語學習',1,1396967176,1396967178),(117,'劍橋英語教師認證考試',1,1396967176,1396967178),(118,'方法論',1,1396967176,1396967178),(119,'小學',1,1396967176,1396967178),(120,'中學',1,1396967176,1396967178),(121,'大學',1,1396967176,1396967178),(122,'理工貝爾英語中心',1,1396967176,1396967178),(123,'澳門理工學院',1,1396967176,1396967178),(124,'贝尔教师校园(澳门)',1,1396967176,1396967178),(125,'教师培训',1,1396967176,1396967178),(126,'英语教师',1,1396967176,1396967178),(127,'esl教师',1,1396967177,1396967178),(128,'澳门',1,1396967177,1396967178),(129,'亚洲',1,1396967177,1396967178),(130,'英语学习',1,1396967177,1396967178),(131,'剑桥英语教师认证考试',1,1396967177,1396967178),(132,'方法论',1,1396967177,1396967178),(133,'小学',1,1396967177,1396967178),(134,'中学',1,1396967177,1396967178),(135,'大学',1,1396967177,1396967178),(136,'理工贝尔英语中心',1,1396967177,1396967178),(137,'澳门理工学院',1,1396967177,1396967178),(138,'千岛日报',1,1396968561,1396968561),(139,'印尼华人',1,1396968562,1396968562),(140,'印度尼西亚华人',1,1396968562,1396968562),(141,'越南展览会',1,1396968562,1396968562),(142,'贸易博览会',1,1396968562,1396968562),(143,'越南-中越会展中心网',1,1396968562,1396968562),(144,'拓展越南市场行业尖兵',1,1396968562,1396968562),(145,'vietnam',1,1396968562,1396968562),(146,'business',1,1396968562,1396968562),(147,'&amp;',1,1396968562,1396968562),(148,'exhibition',1,1396968562,1396968562),(149,'center',1,1396968562,1396968562),(150,'越南新闻',1,1396968562,1396968563),(151,'越南旅游攻略',1,1396968562,1396968563),(152,'越南新娘动态',1,1396968562,1396968563),(153,'越南特产批发',1,1396968562,1396968563),(154,'迪拜',1,1396968563,1396968563),(155,'阿联酋',1,1396968563,1396968563),(156,'迪拜新闻',1,1396968563,1396968563),(157,'迪拜留学',1,1396968563,1396968563),(158,'经济贸易',1,1396968563,1396968563),(159,'法律法规',1,1396968563,1396968563),(160,'商標',1,1396968563,1396968564),(161,'註冊',1,1396968563,1396968564),(162,'中國商標',1,1396968563,1396968564),(163,'香港商標',1,1396968563,1396968564),(164,'澳門商標',1,1396968563,1396968564),(165,'臺灣商標',1,1396968563,1396968564),(166,'商标',1,1396968563,1396968564),(167,'注册',1,1396968563,1396968564),(168,'中国商标',1,1396968563,1396968564),(169,'香港商标',1,1396968563,1396968564),(170,'澳门商标',1,1396968563,1396968564),(171,'台湾商标',1,1396968563,1396968564),(172,'印度华人论坛',1,1396968705,1396968706),(173,'印度留学论坛',1,1396968705,1396968706),(174,'印度论坛',1,1396968705,1396968706),(175,'印度华人社区',1,1396968705,1396968706),(176,'印度bbs',1,1396968705,1396968706),(177,'华人论坛',1,1396968705,1396968706),(178,'印度',1,1396968705,1396968706),(179,'印度华人',1,1396968705,1396968706),(180,'社区论坛',1,1396968705,1396968706),(181,'印度留学',1,1396968705,1396968706),(182,'印度签证',1,1396968705,1396968706),(183,'印度旅游',1,1396968705,1396968706),(184,'印度外贸',1,1396968705,1396968706),(185,'印度生活',1,1396968705,1396968706),(186,'印度文化',1,1396968705,1396968706),(187,'中印贸易',1,1396968705,1396968706),(188,'印度商务',1,1396968705,1396968706),(189,'二手买卖',1,1396968705,1396968706),(190,'印度电影',1,1396968705,1396968706),(191,'印度音乐',1,1396968705,1396968706);

/*Data for the table `tb_website_tag_relation` */

insert  into `tb_website_tag_relation`(`relation_id`,`relation_websiteId`,`relation_tagId`,`relation_time`) values (1,1,4,1396958167),(2,1,3,1396958167),(3,1,2,1396958167),(4,1,1,1396958167),(5,2,7,1396964550),(6,2,6,1396964550),(7,2,5,1396964550),(8,3,11,1396964550),(9,3,10,1396964550),(10,3,9,1396964551),(11,3,8,1396964551),(12,4,33,1396964551),(13,4,32,1396964551),(14,4,31,1396964551),(15,4,30,1396964551),(16,4,29,1396964551),(17,4,28,1396964551),(18,4,27,1396964551),(19,4,26,1396964551),(20,4,25,1396964551),(21,4,24,1396964551),(22,4,23,1396964551),(23,4,22,1396964552),(24,4,21,1396964552),(25,4,20,1396964552),(26,4,19,1396964552),(27,4,18,1396964552),(28,4,17,1396964552),(29,4,16,1396964552),(30,4,15,1396964552),(31,4,14,1396964552),(32,4,13,1396964552),(33,4,12,1396964552),(34,5,41,1396965491),(35,5,40,1396965491),(36,5,39,1396965491),(37,5,38,1396965491),(38,5,37,1396965491),(39,5,36,1396965491),(40,5,35,1396965491),(41,5,34,1396965491),(42,5,1,1396965491),(43,6,64,1396965492),(44,6,63,1396965492),(45,6,62,1396965492),(46,6,61,1396965492),(47,6,60,1396965492),(48,6,59,1396965492),(49,6,58,1396965492),(50,6,57,1396965492),(51,6,56,1396965492),(52,6,55,1396965492),(53,6,54,1396965492),(54,6,53,1396965492),(55,6,52,1396965493),(56,6,51,1396965493),(57,6,50,1396965493),(58,6,49,1396965493),(59,6,48,1396965493),(60,6,47,1396965493),(61,6,46,1396965493),(62,6,45,1396965493),(63,6,44,1396965493),(64,6,43,1396965493),(65,6,42,1396965493),(66,6,40,1396965493),(67,6,34,1396965493),(68,6,1,1396965493),(69,7,73,1396965493),(70,7,72,1396965493),(71,7,71,1396965493),(72,7,70,1396965493),(73,7,69,1396965493),(74,7,68,1396965493),(75,7,67,1396965493),(76,7,66,1396965493),(77,7,65,1396965493),(78,7,61,1396965493),(79,7,15,1396965493),(80,7,14,1396965493),(81,8,74,1396965494),(82,9,76,1396965494),(83,9,75,1396965494),(84,9,38,1396965494),(85,9,1,1396965494),(86,10,81,1396965494),(87,10,80,1396965494),(88,10,79,1396965494),(89,10,78,1396965494),(90,10,77,1396965494),(91,10,76,1396965495),(92,11,137,1396967177),(93,11,136,1396967177),(94,11,135,1396967177),(95,11,134,1396967177),(96,11,133,1396967177),(97,11,132,1396967177),(98,11,131,1396967177),(99,11,130,1396967177),(100,11,129,1396967177),(101,11,128,1396967177),(102,11,127,1396967177),(103,11,126,1396967177),(104,11,125,1396967177),(105,11,124,1396967177),(106,11,123,1396967177),(107,11,122,1396967177),(108,11,121,1396967177),(109,11,120,1396967177),(110,11,119,1396967177),(111,11,118,1396967177),(112,11,117,1396967177),(113,11,116,1396967177),(114,11,115,1396967177),(115,11,114,1396967177),(116,11,113,1396967178),(117,11,112,1396967178),(118,11,111,1396967178),(119,11,110,1396967178),(120,11,109,1396967178),(121,11,108,1396967178),(122,11,107,1396967178),(123,11,106,1396967178),(124,11,105,1396967178),(125,11,104,1396967178),(126,11,103,1396967178),(127,11,102,1396967178),(128,11,101,1396967178),(129,11,100,1396967178),(130,11,99,1396967178),(131,11,98,1396967178),(132,11,97,1396967178),(133,11,96,1396967178),(134,11,95,1396967178),(135,11,94,1396967178),(136,11,93,1396967178),(137,11,92,1396967178),(138,11,91,1396967178),(139,11,90,1396967178),(140,11,89,1396967178),(141,11,88,1396967178),(142,11,87,1396967178),(143,11,86,1396967178),(144,11,85,1396967178),(145,11,84,1396967178),(146,11,83,1396967178),(147,11,82,1396967178),(148,11,38,1396967178),(149,12,138,1396968561),(150,13,140,1396968562),(151,13,139,1396968562),(152,14,149,1396968562),(153,14,148,1396968562),(154,14,147,1396968562),(155,14,146,1396968562),(156,14,145,1396968562),(157,14,144,1396968562),(158,14,143,1396968562),(159,14,142,1396968562),(160,14,141,1396968562),(161,15,153,1396968563),(162,15,152,1396968563),(163,15,151,1396968563),(164,15,150,1396968563),(165,16,159,1396968563),(166,16,158,1396968563),(167,16,157,1396968563),(168,16,156,1396968563),(169,16,155,1396968563),(170,16,154,1396968563),(171,17,171,1396968563),(172,17,170,1396968563),(173,17,169,1396968563),(174,17,168,1396968564),(175,17,167,1396968564),(176,17,166,1396968564),(177,17,165,1396968564),(178,17,164,1396968564),(179,17,163,1396968564),(180,17,162,1396968564),(181,17,161,1396968564),(182,17,160,1396968564),(183,18,191,1396968705),(184,18,190,1396968705),(185,18,189,1396968705),(186,18,188,1396968705),(187,18,187,1396968705),(188,18,186,1396968705),(189,18,185,1396968706),(190,18,184,1396968706),(191,18,183,1396968706),(192,18,182,1396968706),(193,18,181,1396968706),(194,18,180,1396968706),(195,18,179,1396968706),(196,18,178,1396968706),(197,18,177,1396968706),(198,18,176,1396968706),(199,18,175,1396968706),(200,18,174,1396968706),(201,18,173,1396968706),(202,18,172,1396968706),(203,18,33,1396968706);

/*Data for the table `tb_website_trend_apply_register` */

/*Data for the table `tb_website_trend_apply_register_2014` */

insert  into `tb_website_trend_apply_register_2014`(`trend_id`,`trend_year`,`trend_month`,`trend_day`,`trend_hour_0`,`trend_hour_1`,`trend_hour_2`,`trend_hour_3`,`trend_hour_4`,`trend_hour_5`,`trend_hour_6`,`trend_hour_7`,`trend_hour_8`,`trend_hour_9`,`trend_hour_10`,`trend_hour_11`,`trend_hour_12`,`trend_hour_13`,`trend_hour_14`,`trend_hour_15`,`trend_hour_16`,`trend_hour_17`,`trend_hour_18`,`trend_hour_19`,`trend_hour_20`,`trend_hour_21`,`trend_hour_22`,`trend_hour_23`,`trend_hour_total`) values (1,2014,4,8,0,0,0,0,0,0,0,0,0,0,0,0,0,0,0,0,0,0,0,2,2,6,8,0,18);

/*Data for the table `tb_website_trend_click_in` */

/*Data for the table `tb_website_trend_click_out` */

/*Data for the table `tb_website_trend_click_out_2014` */

insert  into `tb_website_trend_click_out_2014`(`trend_id`,`trend_eventId`,`trend_year`,`trend_month`,`trend_day`,`trend_hour_0`,`trend_hour_1`,`trend_hour_2`,`trend_hour_3`,`trend_hour_4`,`trend_hour_5`,`trend_hour_6`,`trend_hour_7`,`trend_hour_8`,`trend_hour_9`,`trend_hour_10`,`trend_hour_11`,`trend_hour_12`,`trend_hour_13`,`trend_hour_14`,`trend_hour_15`,`trend_hour_16`,`trend_hour_17`,`trend_hour_18`,`trend_hour_19`,`trend_hour_20`,`trend_hour_21`,`trend_hour_22`,`trend_hour_23`,`trend_hour_total`) values (1,18,2014,4,8,0,0,0,0,0,0,0,0,0,0,0,0,0,0,0,0,0,0,0,0,0,0,1,0,1);

/*Data for the table `tb_website_trend_register` */

/*Data for the table `tb_website_trend_register_2014` */

insert  into `tb_website_trend_register_2014`(`trend_id`,`trend_year`,`trend_month`,`trend_day`,`trend_hour_0`,`trend_hour_1`,`trend_hour_2`,`trend_hour_3`,`trend_hour_4`,`trend_hour_5`,`trend_hour_6`,`trend_hour_7`,`trend_hour_8`,`trend_hour_9`,`trend_hour_10`,`trend_hour_11`,`trend_hour_12`,`trend_hour_13`,`trend_hour_14`,`trend_hour_15`,`trend_hour_16`,`trend_hour_17`,`trend_hour_18`,`trend_hour_19`,`trend_hour_20`,`trend_hour_21`,`trend_hour_22`,`trend_hour_23`,`trend_hour_total`) values (1,2014,4,8,0,0,0,0,0,0,0,0,0,0,0,0,0,0,0,0,0,0,0,1,0,9,8,0,18);

/*Data for the table `tb_website_trend_search` */

/*Data for the table `tb_website_trend_search_2014` */

insert  into `tb_website_trend_search_2014`(`trend_id`,`trend_eventId`,`trend_year`,`trend_month`,`trend_day`,`trend_hour_0`,`trend_hour_1`,`trend_hour_2`,`trend_hour_3`,`trend_hour_4`,`trend_hour_5`,`trend_hour_6`,`trend_hour_7`,`trend_hour_8`,`trend_hour_9`,`trend_hour_10`,`trend_hour_11`,`trend_hour_12`,`trend_hour_13`,`trend_hour_14`,`trend_hour_15`,`trend_hour_16`,`trend_hour_17`,`trend_hour_18`,`trend_hour_19`,`trend_hour_20`,`trend_hour_21`,`trend_hour_22`,`trend_hour_23`,`trend_hour_total`) values (1,1,2014,4,8,0,0,0,0,0,0,0,0,0,0,0,0,0,0,0,0,0,0,0,0,0,0,1,0,1),(2,2,2014,4,8,0,0,0,0,0,0,0,0,0,0,0,0,0,0,0,0,0,0,0,0,0,0,1,11,12),(3,3,2014,4,8,0,0,0,0,0,0,0,0,0,0,0,0,0,0,0,0,0,0,0,0,0,0,0,2,2);

/*!40101 SET SQL_MODE=@OLD_SQL_MODE */;
/*!40014 SET FOREIGN_KEY_CHECKS=@OLD_FOREIGN_KEY_CHECKS */;
